ID,Kehadiran_Rata,Remedial_Total,Aktivitas_Online,Pekerjaan,Jam_Kerja_Mingguan,Pendapatan_OrangTua,Tanggungan_Keluarga,Risiko_DO,IPK
M0001,79.7,1,8,Tidak,0,8.4,6,Tidak,2.6875
M0002,75.0,0,16,Tidak,0,6.2,7,Tidak,2.6475
M0003,78.3,0,6,Tidak,0,6.1,10,Tidak,2.875
M0004,87.1,1,11,Tidak,0,7.3,8,Tidak,3.5225
M0005,92.8,2,11,Tidak,0,6.3,9,Tidak,2.0325
M0006,85.7,2,10,Tidak,0,6.6,6,Tidak,2.8775
M0007,81.0,2,9,Tidak,0,6.5,8,Tidak,3.1599999999999997
M0008,95.0,0,9,Tidak,0,5.7,2,Tidak,2.7775000000000003
M0009,76.9,3,8,Ya,27,4.2,10,Ya,2.73
M0010,90.3,2,14,Tidak,0,9.5,8,Tidak,3.3125
M0011,77.1,3,8,Tidak,0,4.2,2,Tidak,2.21
M0012,84.3,1,9,Tidak,0,9.3,8,Tidak,2.2199999999999998
M0013,78.9,2,8,Tidak,0,6.7,2,Tidak,2.6125
M0014,79.4,1,9,Tidak,0,4.8,3,Tidak,1.7425000000000002
M0015,76.2,2,8,Tidak,0,7.1,7,Tidak,2.1525
M0016,93.4,1,11,Tidak,0,7.6,9,Tidak,2.325
M0017,72.7,2,6,Tidak,0,9.4,3,Tidak,2.3225000000000002
M0018,72.6,0,13,Ya,36,3.4,5,Tidak,2.63
M0019,100.0,0,11,Tidak,0,5.7,9,Tidak,2.4025
M0020,89.8,2,8,Tidak,0,8.8,7,Tidak,1.87
M0021,56.1,0,13,Ya,23,7.5,2,Tidak,3.77
M0022,74.3,0,13,Tidak,0,7.0,5,Tidak,2.565
M0023,61.9,2,13,Tidak,0,9.0,5,Tidak,3.045
M0024,70.5,1,12,Tidak,0,5.6,9,Tidak,1.8975000000000002
M0025,50.0,6,11,Tidak,0,1.2,2,Ya,1.7875
M0026,78.6,1,8,Tidak,0,5.3,1,Tidak,2.8625
M0027,68.6,1,11,Tidak,0,10.0,4,Tidak,2.59
M0028,80.6,0,8,Tidak,0,6.6,4,Tidak,3.1149999999999998
M0029,63.7,1,10,Tidak,0,4.3,1,Tidak,2.6375
M0030,80.8,1,11,Tidak,0,8.7,10,Tidak,2.6125000000000003
M0031,75.9,4,16,Tidak,0,7.7,7,Tidak,2.6875
M0032,95.0,0,10,Ya,18,6.3,2,Tidak,3.27
M0033,94.1,1,12,Ya,31,7.2,9,Tidak,2.7575000000000003
M0034,87.9,0,8,Ya,17,4.0,7,Tidak,1.94
M0035,76.7,1,6,Tidak,0,5.3,7,Tidak,3.2225
M0036,99.9,1,8,Tidak,0,5.9,1,Tidak,2.9625
M0037,64.5,0,6,Ya,39,8.2,9,Ya,3.135
M0038,66.0,0,11,Ya,20,4.9,10,Ya,1.6475
M0039,79.2,0,7,Tidak,0,5.9,9,Tidak,2.19
M0040,100.0,2,9,Tidak,0,8.9,2,Tidak,2.46
M0041,78.0,1,12,Ya,11,11.0,10,Tidak,3.115
M0042,78.2,1,6,Ya,21,4.3,9,Tidak,3.0075000000000003
M0043,65.6,2,11,Ya,33,6.3,2,Tidak,2.545
M0044,89.5,4,7,Tidak,0,3.0,2,Tidak,2.705
M0045,89.5,2,10,Ya,28,6.0,8,Ya,2.02
M0046,87.9,0,7,Tidak,0,5.4,3,Tidak,2.605
M0047,73.7,1,9,Tidak,0,8.5,3,Tidak,2.675
M0048,72.9,1,7,Tidak,0,3.7,7,Tidak,3.665
M0049,67.1,4,8,Ya,31,3.4,10,Ya,2.78
M0050,80.8,0,10,Tidak,0,9.0,6,Tidak,1.9525
M0051,69.2,1,12,Tidak,0,4.7,7,Tidak,3.14
M0052,68.2,1,6,Tidak,0,6.4,6,Tidak,2.5175
M0053,75.8,2,4,Ya,16,6.6,9,Ya,2.3525
M0054,75.1,1,8,Tidak,0,4.4,2,Tidak,3.1375
M0055,74.6,5,9,Tidak,0,4.4,8,Tidak,2.8899999999999997
M0056,84.7,2,8,Ya,34,8.3,6,Tidak,3.225
M0057,80.8,0,11,Tidak,0,7.4,4,Tidak,2.5
M0058,77.1,1,8,Tidak,0,6.0,6,Tidak,2.9875000000000003
M0059,81.8,2,9,Tidak,0,5.7,6,Tidak,3.34
M0060,70.1,1,13,Ya,26,6.6,10,Tidak,3.3449999999999998
M0061,81.1,1,11,Ya,15,6.8,3,Tidak,2.8674999999999997
M0062,81.5,1,10,Tidak,0,8.5,8,Tidak,2.775
M0063,65.0,0,10,Tidak,0,6.0,5,Tidak,2.1675
M0064,90.0,0,13,Tidak,0,6.9,10,Tidak,2.4075
M0065,71.2,0,11,Tidak,0,7.4,4,Tidak,3.1325000000000003
M0066,80.9,3,12,Tidak,0,7.5,2,Tidak,3.2375
M0067,91.6,0,14,Tidak,0,8.9,10,Tidak,2.1799999999999997
M0068,89.3,1,9,Ya,17,6.0,1,Tidak,3.3975
M0069,80.3,2,9,Tidak,0,4.9,7,Tidak,3.1875000000000004
M0070,76.4,1,16,Tidak,0,5.3,10,Tidak,2.8125
M0071,89.5,1,9,Tidak,0,7.3,3,Tidak,3.3249999999999997
M0072,86.7,1,10,Ya,16,5.8,3,Tidak,3.63
M0073,73.8,1,15,Ya,14,10.6,3,Tidak,2.5875
M0074,72.1,1,7,Ya,39,6.0,10,Tidak,3.64
M0075,59.3,2,13,Tidak,0,4.1,3,Tidak,1.6275
M0076,81.5,2,14,Tidak,0,6.6,2,Tidak,3.1
M0077,79.2,1,16,Ya,14,9.1,6,Tidak,2.8249999999999997
M0078,91.4,1,11,Ya,38,4.4,10,Ya,2.5525
M0079,83.6,2,13,Ya,21,4.3,3,Tidak,2.66
M0080,93.3,1,3,Tidak,0,5.6,1,Tidak,1.7600000000000002
M0081,73.0,2,10,Ya,25,4.7,10,Tidak,2.9
M0082,91.4,1,6,Tidak,0,3.3,9,Tidak,3.035
M0083,74.7,3,13,Tidak,0,2.9,6,Tidak,3.56
M0084,87.8,2,14,Tidak,0,6.5,6,Tidak,1.8575000000000002
M0085,65.4,1,9,Tidak,0,7.4,10,Tidak,2.46
M0086,82.4,2,11,Tidak,0,4.6,9,Tidak,2.2125
M0087,60.2,4,8,Tidak,0,5.9,2,Tidak,3.2549999999999994
M0088,77.3,0,11,Tidak,0,6.4,10,Tidak,2.825
M0089,84.4,3,8,Tidak,0,3.8,9,Tidak,2.625
M0090,74.8,1,10,Tidak,0,7.7,3,Tidak,3.3275000000000006
M0091,69.5,3,9,Tidak,0,6.4,3,Tidak,2.8150000000000004
M0092,88.5,0,13,Tidak,0,7.0,3,Tidak,3.57
M0093,79.0,0,16,Tidak,0,7.4,1,Tidak,2.565
M0094,75.1,1,18,Tidak,0,10.9,10,Tidak,2.355
M0095,80.4,4,9,Tidak,0,4.0,7,Tidak,3.0225
M0096,100.0,2,9,Ya,25,4.2,10,Ya,1.9549999999999998
M0097,91.5,3,6,Tidak,0,9.4,7,Tidak,3.105
M0098,91.6,2,11,Tidak,0,7.3,2,Tidak,2.6075
M0099,84.4,4,12,Tidak,0,6.1,6,Tidak,2.445
M0100,81.7,5,7,Tidak,0,5.0,4,Tidak,2.8225000000000002
M0101,56.0,2,7,Ya,31,5.5,7,Ya,1.9025
M0102,73.2,1,13,Tidak,0,5.6,7,Tidak,2.29
M0103,75.2,2,6,Tidak,0,3.0,4,Tidak,2.5549999999999997
M0104,61.3,2,7,Ya,26,7.9,3,Tidak,2.815
M0105,68.4,1,10,Tidak,0,2.0,7,Ya,2.3725
M0106,60.2,3,14,Ya,21,4.3,9,Ya,3.4825
M0107,79.6,2,10,Ya,25,5.1,4,Tidak,3.6475
M0108,88.2,3,11,Ya,22,10.3,6,Tidak,3.1725000000000003
M0109,91.1,0,12,Tidak,0,5.8,7,Tidak,2.8649999999999998
M0110,84.1,1,13,Tidak,0,6.6,10,Tidak,2.875
M0111,70.4,1,9,Ya,34,4.2,3,Tidak,1.9675
M0112,60.7,1,8,Tidak,0,7.7,5,Tidak,2.5424999999999995
M0113,62.4,1,16,Ya,13,11.9,1,Tidak,3.1075
M0114,67.3,0,6,Tidak,0,7.0,6,Tidak,3.4800000000000004
M0115,71.1,1,12,Ya,40,5.3,5,Tidak,3.095
M0116,78.4,3,14,Ya,25,1.9,7,Ya,2.705
M0117,69.9,4,15,Ya,13,7.4,9,Ya,2.7550000000000003
M0118,83.4,1,4,Tidak,0,4.0,4,Tidak,1.7850000000000001
M0119,77.7,0,8,Tidak,0,4.5,9,Tidak,2.7649999999999997
M0120,80.1,1,17,Tidak,0,7.9,6,Tidak,2.955
M0121,91.4,0,14,Ya,22,5.1,5,Tidak,3.6425
M0122,68.2,1,12,Tidak,0,5.8,2,Tidak,2.5199999999999996
M0123,84.2,2,11,Tidak,0,7.5,1,Tidak,3.58
M0124,79.9,3,17,Ya,22,4.6,8,Ya,2.085
M0125,76.7,2,12,Ya,23,3.4,6,Tidak,3.2575
M0126,88.9,0,12,Ya,10,6.9,7,Tidak,3.7525
M0127,88.8,0,14,Tidak,0,7.5,6,Tidak,1.9949999999999999
M0128,70.5,1,6,Tidak,0,4.8,10,Tidak,3.15
M0129,78.2,1,16,Tidak,0,4.7,7,Tidak,2.8375
M0130,82.8,4,12,Ya,37,3.8,9,Ya,2.855
M0131,77.3,1,9,Tidak,0,7.4,5,Tidak,2.105
M0132,85.9,2,9,Tidak,0,9.8,1,Tidak,2.7975
M0133,82.8,0,13,Ya,33,7.9,1,Tidak,2.72
M0134,98.3,3,12,Tidak,0,5.8,9,Tidak,3.3674999999999997
M0135,64.7,1,14,Tidak,0,7.4,5,Tidak,2.1825
M0136,78.8,1,14,Ya,11,4.3,2,Tidak,3.2975
M0137,70.9,2,9,Tidak,0,6.7,3,Tidak,2.505
M0138,86.0,3,12,Tidak,0,3.8,1,Tidak,2.9925
M0139,63.8,0,10,Tidak,0,5.8,6,Tidak,3.0700000000000003
M0140,83.5,3,9,Tidak,0,8.2,6,Tidak,1.9224999999999999
M0141,73.7,4,7,Ya,18,7.6,3,Tidak,3.005
M0142,72.7,5,11,Tidak,0,7.1,3,Tidak,3.7074999999999996
M0143,65.5,0,8,Tidak,0,6.8,7,Ya,2.0925000000000002
M0144,75.3,0,10,Tidak,0,4.5,1,Tidak,3.0374999999999996
M0145,90.8,0,17,Tidak,0,6.3,5,Tidak,2.6925
M0146,79.7,0,11,Tidak,0,7.6,3,Tidak,3.1149999999999998
M0147,86.3,1,11,Ya,12,5.5,5,Tidak,1.885
M0148,96.6,1,8,Ya,14,5.6,4,Tidak,1.9100000000000001
M0149,82.6,0,6,Ya,24,5.1,6,Tidak,2.8524999999999996
M0150,74.4,0,5,Ya,34,5.4,9,Tidak,2.6374999999999997
M0151,84.7,2,10,Ya,29,4.5,2,Tidak,3.025
M0152,74.6,3,5,Tidak,0,6.0,10,Tidak,3.4475
M0153,75.0,3,15,Tidak,0,5.4,8,Ya,2.425
M0154,64.8,0,11,Tidak,0,3.1,2,Tidak,2.7975
M0155,89.3,4,7,Tidak,0,11.2,4,Tidak,2.87
M0156,76.1,2,12,Tidak,0,3.9,9,Tidak,2.3024999999999998
M0157,81.8,1,9,Ya,33,5.7,4,Tidak,3.715
M0158,69.6,0,10,Tidak,0,6.1,7,Tidak,2.825
M0159,84.4,2,14,Tidak,0,4.9,5,Tidak,2.3975
M0160,72.4,1,15,Ya,25,5.8,2,Tidak,3.155
M0161,78.6,2,8,Tidak,0,4.4,8,Tidak,2.0725
M0162,88.8,3,8,Ya,12,7.5,10,Tidak,3.3775
M0163,87.9,2,9,Ya,18,6.0,10,Tidak,3.3575
M0164,79.8,4,8,Ya,11,7.4,2,Tidak,2.2550000000000003
M0165,62.3,2,12,Tidak,0,8.9,3,Tidak,3.6624999999999996
M0166,100.0,0,15,Tidak,0,5.4,10,Tidak,2.86
M0167,97.5,2,6,Tidak,0,7.5,7,Tidak,3.07
M0168,87.2,0,9,Tidak,0,9.1,5,Tidak,3.4175
M0169,72.5,3,13,Ya,30,5.8,10,Ya,2.7649999999999997
M0170,78.9,0,11,Tidak,0,7.4,3,Tidak,2.4525
M0171,74.6,1,8,Tidak,0,5.1,2,Tidak,2.2875
M0172,92.6,0,16,Ya,28,8.4,6,Tidak,2.36
M0173,82.6,2,5,Tidak,0,5.0,10,Tidak,2.5825
M0174,72.2,0,15,Ya,30,7.4,1,Tidak,2.7625
M0175,75.3,1,9,Ya,13,8.0,8,Tidak,2.7525
M0176,91.2,0,8,Tidak,0,3.6,5,Tidak,3.7375
M0177,96.0,1,5,Tidak,0,4.7,5,Tidak,2.4375
M0178,95.3,3,7,Tidak,0,4.6,2,Tidak,3.53
M0179,87.6,2,5,Tidak,0,8.2,7,Tidak,3.4425
M0180,77.5,0,13,Tidak,0,3.6,5,Tidak,3.975
M0181,50.0,1,15,Tidak,0,6.7,8,Tidak,3.1774999999999998
M0182,83.0,2,12,Tidak,0,7.5,5,Tidak,2.19
M0183,80.0,1,7,Tidak,0,6.3,9,Tidak,1.9825
M0184,81.4,1,11,Tidak,0,8.5,5,Tidak,3.405
M0185,80.5,1,9,Tidak,0,2.2,3,Tidak,2.12
M0186,66.7,0,13,Tidak,0,7.2,2,Tidak,3.505
M0187,85.6,1,8,Tidak,0,5.6,5,Tidak,3.1
M0188,86.3,0,12,Tidak,0,3.0,10,Tidak,2.6825
M0189,86.8,0,13,Tidak,0,3.8,10,Tidak,2.2199999999999998
M0190,89.5,2,7,Ya,27,9.1,5,Tidak,2.26
M0191,86.0,1,11,Tidak,0,7.3,6,Tidak,2.3600000000000003
M0192,75.9,2,8,Tidak,0,7.6,2,Tidak,3.295
M0193,79.3,2,3,Tidak,0,7.9,5,Tidak,3.5125
M0194,80.9,1,12,Tidak,0,3.3,1,Tidak,1.81
M0195,81.1,2,14,Ya,16,6.5,3,Tidak,2.3925
M0196,90.0,0,10,Tidak,0,8.2,3,Tidak,2.755
M0197,86.4,0,7,Ya,10,5.2,3,Tidak,2.515
M0198,100.0,5,11,Tidak,0,8.7,3,Tidak,2.6174999999999997
M0199,100.0,0,8,Tidak,0,4.8,8,Tidak,2.2150000000000003
M0200,80.8,0,12,Tidak,0,6.2,1,Tidak,2.4
M0201,50.0,1,6,Tidak,0,6.8,6,Tidak,3.3775
M0202,92.4,0,8,Tidak,0,7.5,6,Tidak,2.7874999999999996
M0203,74.6,0,9,Ya,17,5.4,1,Tidak,3.5275
M0204,72.0,0,5,Ya,37,8.0,1,Tidak,3.0324999999999998
M0205,76.0,1,12,Tidak,0,6.9,3,Tidak,1.8199999999999998
M0206,75.5,2,11,Ya,21,2.7,8,Ya,2.4575
M0207,86.1,0,7,Ya,35,9.7,6,Tidak,3.4425
M0208,64.4,1,10,Tidak,0,4.1,4,Tidak,2.7225
M0209,69.2,1,5,Tidak,0,9.8,5,Tidak,2.8575
M0210,83.4,2,8,Tidak,0,5.7,10,Tidak,3.7800000000000002
M0211,86.2,1,8,Ya,17,5.3,3,Tidak,2.84
M0212,86.4,1,8,Ya,17,6.8,6,Tidak,3.435
M0213,72.1,3,16,Tidak,0,4.6,6,Tidak,3.56
M0214,70.2,1,13,Tidak,0,2.2,6,Tidak,2.6475
M0215,74.9,0,10,Tidak,0,5.8,9,Tidak,2.4725
M0216,82.4,0,11,Ya,13,6.8,10,Tidak,3.2024999999999997
M0217,94.9,0,9,Ya,34,9.1,8,Tidak,2.5925
M0218,59.5,2,12,Ya,34,3.6,6,Ya,2.505
M0219,77.8,5,8,Tidak,0,7.2,2,Tidak,3.0625
M0220,66.7,4,8,Ya,40,5.8,4,Ya,2.62
M0221,63.5,1,10,Tidak,0,6.1,6,Tidak,3.6075000000000004
M0222,89.7,0,10,Ya,27,7.9,9,Ya,1.8499999999999999
M0223,85.4,3,9,Tidak,0,5.0,2,Tidak,3.2975
M0224,84.5,3,10,Ya,34,6.3,6,Tidak,2.2675
M0225,89.2,2,12,Tidak,0,8.2,10,Tidak,2.2525
M0226,75.2,0,18,Ya,29,8.1,10,Tidak,3.6950000000000003
M0227,75.7,1,12,Tidak,0,3.6,10,Tidak,3.325
M0228,100.0,1,7,Tidak,0,4.8,7,Tidak,2.2199999999999998
M0229,77.5,2,14,Ya,21,5.7,8,Ya,2.1225
M0230,87.4,4,11,Tidak,0,7.6,9,Tidak,3.3175
M0231,80.1,1,12,Tidak,0,5.5,5,Tidak,2.06
M0232,61.5,1,8,Tidak,0,6.2,9,Tidak,3.2675
M0233,59.6,1,14,Tidak,0,8.5,9,Ya,2.2725
M0234,74.2,2,13,Tidak,0,5.3,7,Tidak,2.5600000000000005
M0235,90.6,2,6,Ya,39,8.9,2,Tidak,3.3475
M0236,87.9,3,7,Ya,19,2.8,8,Ya,3.1824999999999997
M0237,89.1,0,8,Tidak,0,5.2,5,Tidak,1.9575
M0238,70.1,0,6,Tidak,0,3.3,8,Tidak,2.6275
M0239,96.2,3,10,Ya,20,6.2,2,Tidak,2.5425
M0240,70.4,0,9,Tidak,0,7.5,7,Tidak,3.405
M0241,82.1,2,7,Ya,36,5.7,5,Tidak,2.1325
M0242,79.9,1,10,Tidak,0,5.1,4,Tidak,2.94
M0243,78.3,1,10,Tidak,0,3.3,10,Tidak,3.5024999999999995
M0244,93.4,1,13,Tidak,0,9.4,6,Tidak,3.0525
M0245,72.9,1,8,Ya,22,6.0,5,Tidak,2.5275000000000003
M0246,66.5,0,16,Tidak,0,5.1,6,Tidak,2.46
M0247,80.2,2,11,Tidak,0,9.1,9,Tidak,2.4225
M0248,76.0,3,10,Tidak,0,5.3,1,Tidak,2.5475
M0249,100.0,3,6,Ya,24,4.2,1,Tidak,3.5825
M0250,86.8,1,11,Tidak,0,4.6,6,Tidak,3.275
M0251,75.9,2,5,Tidak,0,4.3,2,Tidak,2.2575
M0252,69.4,2,8,Tidak,0,3.9,8,Tidak,3.6
M0253,61.2,2,12,Tidak,0,4.6,7,Tidak,3.69
M0254,69.7,1,17,Tidak,0,10.8,6,Tidak,3.1774999999999998
M0255,81.1,3,11,Ya,30,3.7,4,Ya,1.76
M0256,94.3,1,11,Tidak,0,3.0,9,Tidak,2.6325000000000003
M0257,91.2,1,10,Tidak,0,6.6,7,Tidak,3.6125000000000007
M0258,82.3,1,13,Tidak,0,5.8,7,Tidak,2.4675
M0259,76.8,1,12,Tidak,0,7.3,5,Tidak,2.3449999999999998
M0260,82.7,3,17,Ya,16,4.9,1,Tidak,3.075
M0261,74.8,1,10,Tidak,0,4.3,2,Tidak,2.6925
M0262,97.2,3,11,Tidak,0,9.3,8,Tidak,2.8725
M0263,78.1,4,8,Tidak,0,2.8,5,Ya,1.8800000000000001
M0264,79.1,1,11,Tidak,0,6.7,2,Tidak,2.0275
M0265,57.8,2,14,Tidak,0,7.4,5,Tidak,2.765
M0266,78.0,0,11,Tidak,0,7.6,8,Tidak,2.535
M0267,88.4,3,15,Tidak,0,5.4,4,Tidak,3.2725
M0268,69.3,1,18,Tidak,0,3.5,3,Tidak,1.9275
M0269,72.5,2,5,Tidak,0,9.0,5,Tidak,2.37
M0270,87.9,1,12,Tidak,0,5.1,7,Tidak,3.0325
M0271,65.2,2,9,Ya,33,9.1,2,Tidak,3.5475000000000003
M0272,90.6,1,9,Tidak,0,6.7,1,Tidak,1.9425
M0273,74.7,4,12,Tidak,0,5.0,5,Tidak,3.0175
M0274,76.1,1,11,Tidak,0,6.8,7,Tidak,2.5774999999999997
M0275,68.8,1,13,Tidak,0,8.3,8,Ya,1.8225
M0276,83.8,1,7,Ya,24,6.2,8,Tidak,2.7750000000000004
M0277,100.0,2,6,Tidak,0,4.5,10,Tidak,3.0275
M0278,87.8,0,9,Ya,29,2.4,9,Ya,2.085
M0279,71.4,1,9,Ya,28,5.2,1,Tidak,2.88
M0280,91.4,2,11,Tidak,0,7.6,7,Tidak,2.7749999999999995
M0281,76.8,1,7,Tidak,0,4.0,10,Tidak,2.7925
M0282,93.7,1,12,Tidak,0,7.4,8,Tidak,2.7700000000000005
M0283,88.1,3,10,Ya,34,6.1,6,Tidak,3.885
M0284,50.6,1,13,Tidak,0,7.5,10,Ya,2.185
M0285,70.0,1,6,Tidak,0,1.3,4,Tidak,3.605
M0286,89.4,1,13,Ya,25,3.2,7,Ya,1.9100000000000001
M0287,81.5,4,5,Tidak,0,5.1,3,Tidak,2.7525
M0288,69.8,0,7,Ya,34,9.7,2,Tidak,3.1125
M0289,73.7,2,14,Tidak,0,4.5,6,Tidak,3.1375
M0290,60.9,4,9,Tidak,0,5.7,2,Tidak,2.88
M0291,79.1,0,11,Tidak,0,10.3,6,Tidak,3.1475
M0292,100.0,2,8,Tidak,0,6.9,10,Tidak,2.8125
M0293,88.0,1,11,Tidak,0,7.7,3,Tidak,2.3449999999999998
M0294,100.0,0,12,Tidak,0,4.7,2,Tidak,3.0425000000000004
M0295,88.8,1,10,Tidak,0,8.4,8,Tidak,2.8825000000000003
M0296,90.3,0,8,Tidak,0,8.7,4,Tidak,2.39
M0297,99.7,1,9,Tidak,0,7.0,4,Tidak,3.1174999999999997
M0298,83.8,1,6,Tidak,0,5.8,7,Tidak,3.2
M0299,78.1,0,11,Ya,14,7.1,8,Tidak,3.185
M0300,90.3,2,5,Ya,24,2.7,9,Ya,2.6075
M0301,94.5,0,6,Tidak,0,8.2,10,Tidak,2.5475
M0302,75.2,3,9,Ya,37,4.3,8,Ya,2.0125
M0303,72.8,1,9,Tidak,0,5.4,4,Tidak,3.0075000000000003
M0304,81.4,2,13,Tidak,0,8.6,2,Tidak,3.36
M0305,88.3,1,10,Tidak,0,8.2,10,Tidak,2.9
M0306,88.0,0,9,Tidak,0,2.8,5,Tidak,3.39
M0307,65.8,0,10,Tidak,0,4.1,7,Tidak,3.42
M0308,99.1,0,9,Ya,11,7.3,2,Tidak,2.6375
M0309,73.6,2,9,Tidak,0,2.5,4,Tidak,3.155
M0310,77.3,4,8,Tidak,0,8.8,6,Tidak,2.835
M0311,71.0,4,8,Ya,14,6.2,8,Tidak,2.6049999999999995
M0312,100.0,1,17,Ya,14,8.8,10,Tidak,3.585
M0313,82.4,1,15,Ya,37,4.5,6,Tidak,3.245
M0314,71.5,2,7,Ya,18,4.7,6,Tidak,3.4275
M0315,88.6,2,12,Ya,23,8.1,6,Tidak,3.6224999999999996
M0316,87.7,3,7,Tidak,0,5.4,4,Tidak,3.1100000000000003
M0317,78.1,3,8,Tidak,0,3.5,3,Tidak,3.3325
M0318,88.4,2,10,Tidak,0,7.1,1,Tidak,2.6275
M0319,71.7,1,15,Ya,35,2.8,2,Tidak,2.9299999999999997
M0320,75.1,3,12,Tidak,0,8.9,2,Tidak,2.425
M0321,59.9,2,18,Tidak,0,6.4,10,Tidak,3.035
M0322,66.8,0,11,Tidak,0,4.2,7,Tidak,3.2575000000000003
M0323,98.1,3,12,Tidak,0,8.3,6,Tidak,2.65
M0324,96.4,2,9,Tidak,0,8.3,8,Tidak,3.8825
M0325,80.7,3,14,Tidak,0,6.0,9,Ya,2.1475
M0326,96.6,1,10,Tidak,0,10.6,5,Tidak,2.39
M0327,78.4,1,11,Ya,17,10.5,3,Tidak,3.0025000000000004
M0328,77.6,1,11,Tidak,0,6.6,4,Tidak,3.2925000000000004
M0329,80.6,0,9,Tidak,0,8.1,8,Tidak,3.565
M0330,78.8,0,14,Ya,30,8.6,3,Tidak,3.245
M0331,77.8,3,10,Tidak,0,3.7,2,Tidak,2.9225000000000003
M0332,91.4,0,8,Tidak,0,6.6,7,Tidak,2.0575
M0333,81.5,1,12,Tidak,0,4.6,4,Tidak,2.5775
M0334,87.1,4,12,Ya,29,4.4,8,Ya,2.3850000000000002
M0335,90.3,2,10,Ya,26,6.2,1,Tidak,3.555
M0336,83.9,1,8,Tidak,0,6.4,8,Tidak,2.77
M0337,70.3,3,12,Tidak,0,2.8,5,Ya,2.3049999999999997
M0338,66.5,2,13,Tidak,0,6.7,2,Tidak,2.69
M0339,81.5,1,7,Tidak,0,5.5,1,Tidak,2.71
M0340,78.3,0,7,Tidak,0,8.8,6,Tidak,2.3175
M0341,80.9,0,7,Tidak,0,8.3,9,Tidak,2.6175
M0342,79.8,3,16,Tidak,0,4.3,9,Tidak,3.04
M0343,100.0,3,8,Tidak,0,8.6,9,Tidak,3.3125
M0344,66.7,1,10,Tidak,0,7.1,4,Tidak,2.5725
M0345,60.1,3,11,Ya,23,5.6,6,Ya,1.9749999999999999
M0346,83.3,1,11,Tidak,0,5.0,10,Tidak,3.1774999999999998
M0347,76.2,1,7,Tidak,0,3.7,6,Tidak,1.9374999999999998
M0348,83.2,4,9,Tidak,0,3.6,5,Tidak,1.83
M0349,85.8,1,11,Tidak,0,2.3,2,Tidak,2.37
M0350,92.8,2,15,Tidak,0,6.0,7,Tidak,2.46
M0351,64.9,1,7,Tidak,0,1.9,1,Tidak,3.1025
M0352,74.4,1,11,Tidak,0,4.3,6,Tidak,3.61
M0353,84.3,2,12,Tidak,0,7.3,5,Tidak,3.25
M0354,87.7,2,8,Ya,29,9.0,5,Tidak,2.2175
M0355,100.0,1,12,Ya,36,3.7,8,Tidak,2.965
M0356,89.6,2,10,Tidak,0,7.2,9,Tidak,2.4475
M0357,79.4,1,10,Tidak,0,5.4,7,Tidak,2.9025000000000003
M0358,71.1,1,13,Tidak,0,5.0,10,Tidak,2.5250000000000004
M0359,74.4,1,9,Tidak,0,6.3,8,Tidak,2.505
M0360,74.1,2,10,Ya,40,4.7,2,Tidak,2.4675000000000002
M0361,86.6,1,10,Tidak,0,5.8,2,Tidak,2.94
M0362,82.6,1,12,Tidak,0,6.1,8,Tidak,3.2225
M0363,66.8,1,11,Ya,20,8.3,6,Tidak,2.4075
M0364,75.6,2,13,Ya,35,8.8,8,Tidak,3.4775
M0365,88.8,1,18,Tidak,0,4.8,9,Tidak,3.0225
M0366,83.5,2,16,Tidak,0,5.5,9,Tidak,3.3375
M0367,85.7,0,10,Ya,33,7.6,6,Tidak,2.6925
M0368,83.8,3,10,Tidak,0,5.6,8,Ya,2.26
M0369,96.3,1,19,Tidak,0,7.4,2,Tidak,2.44
M0370,82.4,2,14,Tidak,0,7.8,8,Tidak,2.69
M0371,76.1,0,13,Tidak,0,8.0,3,Tidak,2.4925
M0372,70.8,0,12,Tidak,0,6.2,1,Tidak,2.835
M0373,82.5,2,5,Ya,39,3.7,7,Tidak,3.4875
M0374,55.6,1,6,Ya,40,5.7,1,Tidak,3.5075
M0375,78.2,0,9,Tidak,0,5.0,1,Tidak,3.9574999999999996
M0376,77.9,1,12,Tidak,0,7.6,1,Tidak,2.92
M0377,66.4,3,10,Tidak,0,9.1,4,Tidak,2.8299999999999996
M0378,70.7,2,9,Tidak,0,9.1,4,Tidak,2.9000000000000004
M0379,88.1,0,8,Tidak,0,7.8,10,Tidak,3.88
M0380,82.3,1,12,Ya,39,4.1,6,Tidak,2.35
M0381,81.0,0,14,Tidak,0,8.8,10,Tidak,2.3425
M0382,83.1,2,12,Ya,27,6.9,3,Tidak,2.2
M0383,80.9,0,9,Tidak,0,4.4,10,Tidak,1.68
M0384,92.4,2,10,Ya,37,7.7,6,Tidak,2.5525
M0385,81.2,2,13,Ya,20,5.6,7,Tidak,2.37
M0386,65.4,1,12,Ya,12,2.1,1,Tidak,2.7424999999999997
M0387,96.3,2,15,Tidak,0,4.0,6,Tidak,2.81
M0388,83.7,1,13,Ya,32,5.9,10,Tidak,3.2075
M0389,74.1,0,8,Tidak,0,5.8,1,Tidak,3.565
M0390,67.5,1,5,Tidak,0,3.9,7,Tidak,2.89
M0391,84.0,3,10,Tidak,0,7.5,10,Ya,1.9000000000000001
M0392,78.8,1,14,Tidak,0,7.0,5,Tidak,2.965
M0393,95.7,2,16,Tidak,0,3.1,10,Tidak,1.78
M0394,76.5,0,15,Tidak,0,11.3,4,Tidak,3.44
M0395,71.6,0,8,Tidak,0,3.6,1,Tidak,3.425
M0396,89.0,4,9,Tidak,0,5.1,9,Ya,2.1025
M0397,89.3,2,8,Tidak,0,6.8,7,Tidak,1.66
M0398,81.7,2,15,Tidak,0,5.1,2,Tidak,3.0125
M0399,86.8,3,9,Tidak,0,8.9,4,Tidak,3.01
M0400,79.6,2,13,Tidak,0,5.6,4,Tidak,3.4675000000000002
M0401,82.3,1,10,Tidak,0,4.2,8,Tidak,1.935
M0402,91.6,3,6,Tidak,0,7.2,2,Tidak,2.6375
M0403,86.3,1,7,Ya,31,1.0,5,Ya,2.5225
M0404,78.3,0,8,Ya,21,7.1,10,Tidak,2.8475
M0405,93.5,1,12,Tidak,0,8.6,8,Tidak,2.965
M0406,56.4,2,7,Tidak,0,1.4,6,Tidak,3.5949999999999998
M0407,100.0,2,13,Ya,37,5.2,4,Tidak,1.9575
M0408,62.9,2,8,Tidak,0,2.7,5,Tidak,2.88
M0409,73.7,0,14,Tidak,0,6.0,2,Tidak,3.0874999999999995
M0410,79.6,0,11,Tidak,0,10.5,5,Tidak,2.9475
M0411,78.5,2,12,Tidak,0,6.5,3,Tidak,3.2800000000000002
M0412,90.1,2,13,Tidak,0,5.6,3,Tidak,2.5675000000000003
M0413,69.4,3,7,Tidak,0,1.0,7,Ya,1.68
M0414,82.6,2,11,Tidak,0,3.8,3,Tidak,2.88
M0415,74.2,2,9,Tidak,0,5.7,4,Tidak,3.26
M0416,83.0,2,19,Tidak,0,6.2,7,Tidak,2.53
M0417,79.4,1,11,Tidak,0,6.7,3,Tidak,3.65
M0418,80.9,1,14,Tidak,0,7.5,10,Tidak,2.755
M0419,74.5,2,9,Ya,33,4.2,10,Tidak,3.4625000000000004
M0420,74.9,0,7,Ya,23,6.1,2,Tidak,2.1774999999999998
M0421,82.9,4,13,Tidak,0,5.0,10,Tidak,3.8725
M0422,89.4,0,18,Tidak,0,4.1,7,Tidak,3.6925
M0423,74.0,1,4,Tidak,0,4.3,5,Tidak,2.915
M0424,71.3,3,5,Tidak,0,7.1,1,Tidak,3.4325
M0425,86.1,1,6,Tidak,0,1.0,10,Ya,2.5975
M0426,79.7,0,8,Ya,36,2.3,8,Ya,3.4599999999999995
M0427,88.3,0,11,Tidak,0,12.3,3,Tidak,2.4425
M0428,70.9,2,10,Tidak,0,4.7,7,Tidak,3.1125
M0429,62.2,0,14,Tidak,0,8.9,6,Tidak,3.675
M0430,74.7,2,15,Ya,22,5.9,10,Ya,1.74
M0431,72.3,0,11,Tidak,0,4.9,6,Tidak,2.025
M0432,79.2,4,3,Tidak,0,7.3,8,Ya,1.57
M0433,73.6,0,9,Tidak,0,6.2,4,Tidak,2.5875000000000004
M0434,87.4,1,13,Tidak,0,5.6,4,Tidak,2.9375
M0435,77.1,3,9,Ya,20,5.9,3,Tidak,3.5275000000000003
M0436,81.5,2,11,Tidak,0,6.8,1,Tidak,2.8375
M0437,81.6,2,6,Tidak,0,4.6,10,Tidak,3.655
M0438,81.9,2,7,Tidak,0,5.0,3,Tidak,2.2375
M0439,79.8,2,13,Tidak,0,4.0,1,Tidak,1.84
M0440,85.1,1,9,Tidak,0,3.6,6,Tidak,2.525
M0441,72.0,0,8,Tidak,0,9.7,8,Tidak,3.0324999999999998
M0442,94.0,1,15,Tidak,0,4.2,3,Tidak,3.1125000000000003
M0443,77.6,1,5,Ya,40,8.0,4,Tidak,1.6099999999999999
M0444,66.9,1,9,Tidak,0,5.3,5,Tidak,3.085
M0445,81.9,1,8,Tidak,0,7.1,7,Tidak,1.8475000000000001
M0446,71.5,1,12,Ya,36,6.0,6,Tidak,3.0075000000000003
M0447,86.7,1,5,Ya,38,2.4,2,Tidak,2.86
M0448,100.0,3,10,Ya,21,6.1,7,Ya,2.2575
M0449,72.1,2,10,Tidak,0,7.2,8,Tidak,2.26
M0450,83.3,6,12,Tidak,0,4.1,1,Tidak,2.3625
M0451,62.4,4,11,Ya,23,10.6,6,Ya,2.4724999999999997
M0452,84.5,1,10,Ya,25,7.6,9,Tidak,3.09
M0453,71.1,1,10,Tidak,0,7.6,7,Tidak,2.3825
M0454,73.8,1,9,Ya,40,7.9,5,Tidak,2.89
M0455,69.0,2,13,Tidak,0,1.3,10,Ya,2.7575
M0456,87.3,1,7,Tidak,0,7.4,10,Tidak,2.7075
M0457,90.1,6,11,Tidak,0,10.6,9,Ya,2.3600000000000003
M0458,80.2,0,10,Tidak,0,7.5,2,Tidak,2.2075
M0459,71.4,3,13,Tidak,0,5.5,7,Ya,2.3449999999999998
M0460,95.9,1,3,Ya,26,3.8,9,Ya,2.415
M0461,72.5,1,8,Tidak,0,3.6,2,Tidak,3.8675
M0462,58.4,1,10,Tidak,0,3.3,10,Tidak,3.165
M0463,84.6,1,11,Ya,29,5.2,6,Tidak,2.6675
M0464,69.0,1,15,Tidak,0,3.9,9,Tidak,2.8525
M0465,89.9,1,12,Tidak,0,5.7,3,Tidak,2.7600000000000002
M0466,76.2,1,15,Ya,33,6.4,8,Tidak,2.7775
M0467,86.0,0,9,Tidak,0,2.6,5,Tidak,3.0050000000000003
M0468,94.0,2,5,Tidak,0,4.5,7,Tidak,3.2175
M0469,67.9,1,16,Tidak,0,4.8,3,Tidak,2.735
M0470,74.3,1,12,Tidak,0,4.8,8,Tidak,2.4749999999999996
M0471,79.2,0,12,Tidak,0,6.0,2,Tidak,2.9525
M0472,95.4,1,15,Tidak,0,6.2,8,Tidak,2.355
M0473,73.4,0,13,Ya,40,5.2,2,Tidak,2.065
M0474,74.1,3,14,Tidak,0,4.7,7,Tidak,3.0749999999999997
M0475,84.8,4,6,Tidak,0,6.0,2,Tidak,3.675
M0476,74.2,1,7,Tidak,0,8.9,7,Tidak,2.965
M0477,81.5,0,6,Tidak,0,3.1,1,Tidak,3.0449999999999995
M0478,64.5,1,7,Tidak,0,8.3,6,Tidak,3.3374999999999995
M0479,100.0,2,10,Tidak,0,2.7,10,Tidak,3.4724999999999997
M0480,66.5,0,7,Tidak,0,6.7,7,Tidak,3.7
M0481,76.8,0,12,Ya,12,8.1,4,Tidak,2.4775
M0482,79.7,2,14,Tidak,0,3.4,1,Tidak,2.6025
M0483,99.1,2,12,Tidak,0,6.7,6,Tidak,2.2575
M0484,66.8,2,13,Tidak,0,3.9,4,Tidak,2.7875
M0485,99.8,1,9,Tidak,0,8.3,3,Tidak,2.3475
M0486,87.6,2,11,Tidak,0,2.8,4,Tidak,2.2325
M0487,84.2,2,6,Tidak,0,4.2,6,Tidak,2.4375
M0488,70.2,2,5,Ya,40,6.3,5,Tidak,2.0625
M0489,85.7,1,10,Ya,10,7.4,2,Tidak,3.8
M0490,72.8,2,4,Ya,13,6.2,2,Tidak,2.9050000000000002
M0491,92.7,1,7,Tidak,0,7.0,3,Tidak,2.8674999999999997
M0492,70.3,3,13,Ya,20,4.9,6,Tidak,3.17
M0493,78.9,1,7,Tidak,0,3.8,1,Tidak,2.71
M0494,74.4,2,9,Tidak,0,8.9,7,Tidak,2.6725
M0495,70.1,0,12,Tidak,0,7.0,8,Tidak,3.3274999999999997
M0496,87.4,0,6,Tidak,0,5.0,7,Tidak,3.5275
M0497,85.4,3,12,Ya,20,2.7,3,Ya,2.175
M0498,92.1,3,4,Tidak,0,8.4,6,Tidak,2.8875
M0499,62.2,0,8,Ya,31,8.5,4,Ya,2.21
M0500,90.6,1,7,Tidak,0,5.6,5,Tidak,1.9775
M0501,100.0,1,6,Ya,12,4.7,3,Tidak,3.335
M0502,75.5,3,15,Tidak,0,5.5,5,Tidak,3.6425
M0503,99.0,1,16,Tidak,0,5.6,6,Tidak,1.8175
M0504,77.4,1,12,Tidak,0,7.5,8,Tidak,2.9025
M0505,66.3,1,11,Tidak,0,3.7,6,Tidak,2.2725
M0506,76.9,3,8,Ya,29,4.8,9,Ya,2.4074999999999998
M0507,90.5,4,9,Tidak,0,5.6,10,Tidak,3.36
M0508,71.6,0,8,Tidak,0,6.5,10,Tidak,2.725
M0509,74.0,1,10,Tidak,0,7.7,10,Tidak,2.52
M0510,85.9,1,6,Tidak,0,6.6,10,Tidak,2.1774999999999998
M0511,80.0,0,9,Ya,35,9.5,4,Tidak,2.9825
M0512,85.8,0,8,Tidak,0,4.0,2,Tidak,3.1149999999999998
M0513,82.4,2,16,Tidak,0,8.9,9,Tidak,2.6525
M0514,84.8,1,4,Tidak,0,4.1,3,Tidak,2.1275
M0515,75.7,2,15,Tidak,0,5.2,7,Tidak,2.465
M0516,82.3,2,9,Tidak,0,6.8,4,Tidak,3.0675
M0517,70.7,1,7,Ya,17,8.4,1,Tidak,3.135
M0518,92.9,1,7,Ya,17,5.2,8,Tidak,1.8675000000000002
M0519,73.7,0,5,Tidak,0,6.8,4,Tidak,2.645
M0520,91.3,1,9,Tidak,0,5.4,6,Tidak,2.875
M0521,77.7,0,10,Tidak,0,1.4,7,Ya,1.9075000000000002
M0522,82.0,2,5,Tidak,0,5.9,8,Tidak,3.755
M0523,75.1,6,14,Tidak,0,3.5,10,Tidak,2.6000000000000005
M0524,69.8,2,13,Tidak,0,8.5,2,Tidak,3.3925
M0525,62.6,1,11,Tidak,0,8.6,9,Tidak,2.89
M0526,69.4,1,12,Ya,40,4.3,10,Ya,2.1950000000000003
M0527,76.8,5,13,Tidak,0,4.0,3,Tidak,1.8525
M0528,82.1,0,7,Tidak,0,4.7,1,Tidak,3.0675000000000003
M0529,90.1,4,8,Ya,35,7.1,2,Tidak,3.3875
M0530,75.5,1,11,Tidak,0,7.1,8,Tidak,1.9499999999999997
M0531,71.2,0,6,Tidak,0,12.8,10,Tidak,3.2925
M0532,65.6,0,8,Tidak,0,5.4,6,Tidak,1.935
M0533,84.8,0,8,Tidak,0,6.2,1,Tidak,3.0875000000000004
M0534,93.8,1,11,Ya,16,9.9,9,Tidak,1.9449999999999998
M0535,92.7,2,9,Ya,12,6.6,7,Tidak,2.43
M0536,87.1,0,9,Ya,30,3.8,10,Tidak,2.7199999999999998
M0537,86.4,1,10,Tidak,0,6.7,3,Tidak,2.55
M0538,97.0,0,6,Ya,33,7.4,7,Tidak,2.8275
M0539,83.3,0,14,Tidak,0,5.3,6,Tidak,2.95
M0540,86.5,1,8,Tidak,0,7.6,3,Tidak,2.5625
M0541,76.8,2,11,Ya,28,7.4,8,Tidak,2.9274999999999998
M0542,66.4,2,11,Tidak,0,5.1,1,Tidak,2.0450000000000004
M0543,73.2,1,11,Tidak,0,9.1,5,Tidak,2.6
M0544,79.9,0,12,Tidak,0,4.4,8,Tidak,3.3499999999999996
M0545,80.6,4,11,Tidak,0,6.9,3,Tidak,2.1675
M0546,99.3,4,7,Tidak,0,4.8,10,Tidak,2.56
M0547,80.8,1,15,Tidak,0,2.6,6,Tidak,2.65
M0548,91.8,1,15,Tidak,0,6.7,10,Tidak,2.5
M0549,75.6,1,12,Ya,20,9.9,2,Tidak,3.3125
M0550,76.9,1,8,Tidak,0,5.9,9,Tidak,2.98
M0551,66.7,2,7,Tidak,0,3.0,2,Tidak,2.6899999999999995
M0552,72.6,0,7,Tidak,0,6.4,5,Tidak,2.5125
M0553,85.3,1,9,Ya,36,4.4,3,Tidak,3.83
M0554,80.1,1,6,Tidak,0,8.1,10,Tidak,2.8200000000000003
M0555,89.4,0,13,Tidak,0,5.5,9,Tidak,2.7449999999999997
M0556,81.8,0,9,Ya,17,2.5,9,Ya,2.56
M0557,76.5,3,15,Tidak,0,7.0,7,Ya,1.8325
M0558,100.0,2,10,Ya,27,6.4,10,Tidak,2.7175
M0559,79.1,1,9,Ya,28,5.4,5,Tidak,3.0475
M0560,91.6,0,10,Tidak,0,3.9,9,Tidak,3.005
M0561,76.0,0,8,Tidak,0,9.6,7,Tidak,2.5325
M0562,87.1,0,11,Tidak,0,5.1,2,Tidak,3.9275
M0563,89.3,1,12,Tidak,0,7.8,10,Tidak,2.88
M0564,82.1,0,8,Tidak,0,5.1,1,Tidak,2.845
M0565,56.5,1,8,Tidak,0,7.4,10,Tidak,3.3149999999999995
M0566,80.2,0,6,Tidak,0,6.1,10,Tidak,2.4775
M0567,92.3,1,8,Ya,36,6.1,4,Tidak,1.81
M0568,85.3,2,17,Tidak,0,4.3,10,Tidak,2.25
M0569,84.5,1,12,Ya,20,7.1,8,Tidak,2.2925000000000004
M0570,62.8,3,7,Tidak,0,8.8,6,Tidak,2.665
M0571,72.8,4,6,Ya,29,3.9,2,Tidak,2.7175
M0572,84.1,3,9,Ya,18,4.3,5,Tidak,3.1725
M0573,84.1,1,6,Tidak,0,11.9,9,Tidak,3.1725
M0574,92.1,1,18,Tidak,0,4.0,6,Tidak,2.55
M0575,78.6,2,6,Tidak,0,4.9,6,Tidak,3.705
M0576,84.1,2,10,Tidak,0,8.8,7,Tidak,1.6349999999999998
M0577,80.2,1,12,Ya,13,8.8,5,Tidak,3.03
M0578,70.1,0,7,Tidak,0,1.1,3,Tidak,3.5949999999999998
M0579,57.4,2,11,Tidak,0,7.5,3,Tidak,2.0549999999999997
M0580,84.3,0,10,Tidak,0,5.6,5,Tidak,3.6825
M0581,81.7,2,11,Tidak,0,5.7,4,Tidak,3.0600000000000005
M0582,73.8,0,9,Tidak,0,8.3,5,Tidak,2.5475
M0583,63.8,2,10,Tidak,0,5.3,9,Tidak,3.085
M0584,86.3,3,9,Tidak,0,5.0,5,Tidak,3.87
M0585,77.3,5,2,Tidak,0,5.4,4,Tidak,3.2275
M0586,85.6,1,6,Tidak,0,5.3,4,Tidak,2.965
M0587,98.6,2,14,Tidak,0,6.7,1,Tidak,2.5325
M0588,58.6,1,13,Tidak,0,8.6,10,Tidak,2.4549999999999996
M0589,73.0,0,7,Tidak,0,6.9,4,Tidak,2.905
M0590,77.9,2,11,Tidak,0,6.0,4,Tidak,2.215
M0591,94.5,1,9,Ya,23,7.1,9,Tidak,3.0125
M0592,63.6,1,18,Tidak,0,7.6,4,Tidak,2.3975
M0593,99.4,0,11,Ya,31,7.2,7,Tidak,3.2225
M0594,81.4,1,13,Ya,19,4.7,1,Tidak,2.6125000000000003
M0595,79.0,2,12,Ya,16,6.8,7,Tidak,3.3699999999999997
M0596,78.0,2,6,Ya,34,1.8,2,Ya,2.1625
M0597,75.6,1,11,Tidak,0,9.1,8,Tidak,2.4575
M0598,90.5,1,7,Tidak,0,9.1,1,Tidak,2.505
M0599,69.3,0,10,Tidak,0,7.8,10,Tidak,2.7824999999999998
M0600,83.5,1,11,Tidak,0,8.5,3,Tidak,3.2025
M0601,76.2,2,10,Ya,34,5.9,8,Ya,2.6325000000000003
M0602,72.4,1,8,Tidak,0,4.5,10,Tidak,2.6275
M0603,100.0,2,20,Tidak,0,3.5,8,Tidak,3.3999999999999995
M0604,84.2,2,18,Ya,21,8.0,5,Tidak,3.4375
M0605,86.1,2,17,Ya,17,4.5,5,Tidak,2.6975000000000002
M0606,91.4,1,10,Tidak,0,5.3,8,Tidak,3.5275
M0607,65.8,0,8,Ya,21,6.4,10,Ya,2.165
M0608,97.5,3,14,Tidak,0,5.9,5,Tidak,1.775
M0609,54.9,5,19,Ya,37,6.5,9,Ya,2.1575
M0610,72.3,0,11,Ya,29,2.4,1,Tidak,3.725
M0611,75.4,0,10,Ya,19,5.5,5,Tidak,3.34
M0612,85.8,1,11,Tidak,0,7.6,3,Tidak,2.2825
M0613,82.2,2,13,Ya,19,5.1,3,Tidak,3.0175
M0614,78.3,1,11,Ya,39,4.3,2,Tidak,2.33
M0615,79.9,2,11,Tidak,0,7.9,3,Tidak,4.0
M0616,70.2,4,5,Tidak,0,5.2,7,Tidak,2.9650000000000003
M0617,65.0,1,9,Tidak,0,6.4,8,Tidak,2.9375
M0618,87.3,1,15,Tidak,0,5.6,8,Tidak,2.9275
M0619,86.9,2,5,Tidak,0,6.0,8,Tidak,3.0375
M0620,95.8,2,12,Ya,13,9.1,1,Tidak,3.2075
M0621,72.1,2,8,Tidak,0,7.1,7,Tidak,2.31
M0622,86.9,1,12,Tidak,0,3.6,2,Tidak,3.495
M0623,77.2,2,12,Tidak,0,5.3,10,Tidak,3.655
M0624,91.9,0,10,Tidak,0,5.2,4,Tidak,3.8375
M0625,90.2,0,11,Ya,17,6.4,5,Tidak,3.6950000000000003
M0626,82.1,3,12,Tidak,0,7.8,1,Tidak,2.3825000000000003
M0627,76.6,5,10,Tidak,0,6.1,4,Tidak,2.5525
M0628,89.6,2,14,Tidak,0,6.0,4,Tidak,2.8975
M0629,86.5,0,10,Tidak,0,1.5,9,Tidak,2.8525
M0630,73.2,3,9,Tidak,0,8.6,9,Tidak,3.3425000000000002
M0631,66.7,0,13,Ya,29,5.7,10,Ya,1.7675
M0632,77.1,0,11,Tidak,0,6.5,1,Tidak,3.62
M0633,95.2,0,13,Tidak,0,6.5,8,Tidak,2.795
M0634,91.5,1,9,Ya,22,4.5,4,Tidak,2.7249999999999996
M0635,68.9,3,10,Tidak,0,5.5,4,Ya,2.5149999999999997
M0636,68.3,2,12,Tidak,0,4.4,5,Tidak,1.815
M0637,92.7,0,8,Tidak,0,8.8,2,Tidak,3.3625
M0638,68.6,0,8,Ya,32,1.6,1,Ya,2.7675
M0639,85.1,0,8,Tidak,0,4.1,5,Tidak,1.7525
M0640,73.8,0,9,Ya,25,5.4,7,Ya,1.855
M0641,96.2,1,9,Tidak,0,9.0,10,Tidak,3.0725000000000002
M0642,72.3,4,15,Tidak,0,7.4,9,Tidak,3.6975
M0643,91.4,1,10,Tidak,0,2.7,2,Tidak,2.3825
M0644,81.8,4,6,Ya,27,5.8,8,Ya,2.06
M0645,82.5,0,10,Tidak,0,7.4,7,Tidak,2.455
M0646,60.3,0,9,Tidak,0,10.5,2,Tidak,2.855
M0647,58.0,3,5,Tidak,0,5.3,5,Ya,1.5425
M0648,77.8,5,9,Tidak,0,3.6,7,Ya,2.38
M0649,82.5,1,13,Tidak,0,6.6,3,Tidak,2.5175
M0650,68.7,0,14,Tidak,0,5.9,2,Tidak,3.3325
M0651,69.1,2,11,Tidak,0,6.9,6,Tidak,3.5025000000000004
M0652,85.6,2,7,Tidak,0,7.4,10,Tidak,3.77
M0653,85.6,1,10,Tidak,0,6.6,6,Tidak,2.7325
M0654,78.6,2,8,Tidak,0,7.1,4,Tidak,2.6025
M0655,87.8,1,11,Tidak,0,9.3,1,Tidak,3.91
M0656,68.3,1,9,Tidak,0,5.4,5,Tidak,3.415
M0657,76.4,0,7,Ya,13,3.6,1,Tidak,2.4225
M0658,96.5,0,5,Tidak,0,6.6,8,Tidak,2.9675
M0659,80.7,2,11,Ya,19,3.4,2,Tidak,2.965
M0660,81.3,4,8,Tidak,0,3.8,9,Tidak,2.76
M0661,100.0,1,9,Tidak,0,4.4,9,Tidak,2.53
M0662,66.0,2,9,Tidak,0,3.5,3,Tidak,2.2399999999999998
M0663,88.0,1,20,Tidak,0,8.3,6,Tidak,2.8950000000000005
M0664,96.6,0,8,Ya,16,6.1,9,Tidak,2.0974999999999997
M0665,76.8,0,4,Tidak,0,7.4,7,Tidak,2.5999999999999996
M0666,88.6,3,3,Tidak,0,7.0,4,Ya,2.4475
M0667,70.2,2,14,Tidak,0,5.6,3,Tidak,2.6675
M0668,73.1,1,6,Tidak,0,7.9,2,Tidak,3.5075000000000003
M0669,83.8,0,6,Tidak,0,5.0,10,Tidak,1.5725
M0670,88.0,2,8,Tidak,0,5.7,10,Tidak,3.5500000000000003
M0671,91.2,0,15,Tidak,0,4.6,1,Tidak,3.38
M0672,95.7,0,11,Tidak,0,8.8,10,Tidak,1.6724999999999999
M0673,79.3,1,9,Tidak,0,5.8,1,Tidak,2.7874999999999996
M0674,91.9,2,9,Ya,34,7.2,4,Tidak,2.34
M0675,76.6,2,12,Tidak,0,4.8,4,Tidak,2.0700000000000003
M0676,89.0,0,11,Tidak,0,7.7,9,Tidak,1.8800000000000001
M0677,82.1,1,12,Tidak,0,7.5,10,Tidak,2.4225
M0678,84.5,0,9,Tidak,0,2.7,1,Tidak,3.425
M0679,84.2,0,12,Tidak,0,6.0,4,Tidak,3.3725
M0680,64.0,4,10,Tidak,0,6.2,3,Tidak,3.38
M0681,68.8,1,7,Ya,26,5.4,9,Ya,3.2524999999999995
M0682,81.0,0,14,Tidak,0,8.8,5,Tidak,2.1075000000000004
M0683,63.1,0,10,Ya,35,3.6,9,Ya,2.7375
M0684,88.3,0,13,Ya,19,5.1,10,Tidak,3.0949999999999998
M0685,88.7,0,11,Tidak,0,4.3,6,Tidak,2.1100000000000003
M0686,83.3,1,7,Tidak,0,8.1,9,Tidak,3.3375
M0687,68.8,3,9,Tidak,0,3.9,1,Ya,2.6275
M0688,93.8,1,13,Tidak,0,2.3,4,Tidak,2.05
M0689,100.0,0,10,Tidak,0,6.9,4,Tidak,2.9850000000000003
M0690,81.5,0,8,Tidak,0,5.7,10,Tidak,3.0325
M0691,85.1,2,5,Ya,31,8.1,10,Ya,2.4125
M0692,82.0,0,7,Tidak,0,7.6,6,Tidak,3.31
M0693,85.3,1,15,Tidak,0,5.9,10,Tidak,2.38
M0694,78.8,1,12,Tidak,0,3.1,1,Tidak,3.1950000000000003
M0695,79.7,1,11,Ya,33,3.6,10,Tidak,3.1850000000000005
M0696,89.1,1,9,Tidak,0,2.5,5,Tidak,2.8625
M0697,100.0,2,7,Tidak,0,5.7,3,Tidak,3.35
M0698,66.0,6,4,Tidak,0,4.7,1,Ya,2.1525
M0699,79.0,6,7,Tidak,0,5.6,6,Tidak,3.3375
M0700,68.2,5,10,Tidak,0,6.3,3,Tidak,2.8775000000000004
M0701,95.9,1,10,Ya,30,9.8,4,Tidak,2.5700000000000003
M0702,74.1,2,15,Tidak,0,7.2,9,Tidak,3.3425
M0703,65.6,0,6,Tidak,0,6.1,2,Tidak,2.8325
M0704,86.4,4,4,Ya,38,2.9,1,Ya,2.3125
M0705,97.4,1,9,Tidak,0,6.1,10,Tidak,2.1399999999999997
M0706,86.6,1,12,Tidak,0,7.8,6,Tidak,3.2249999999999996
M0707,82.0,2,4,Tidak,0,6.8,1,Tidak,2.37
M0708,84.1,1,9,Ya,16,3.9,1,Tidak,3.615
M0709,94.1,1,9,Ya,40,5.2,7,Ya,1.9324999999999999
M0710,71.3,0,11,Ya,11,6.1,2,Tidak,3.8850000000000002
M0711,78.9,1,4,Tidak,0,5.2,4,Tidak,2.7125000000000004
M0712,75.5,2,9,Tidak,0,4.8,4,Tidak,3.2925
M0713,68.3,0,6,Ya,10,1.7,2,Tidak,2.81
M0714,76.7,2,8,Tidak,0,4.5,6,Tidak,2.7624999999999997
M0715,91.1,3,10,Ya,11,6.5,10,Ya,2.725
M0716,85.7,3,13,Ya,38,7.8,2,Tidak,2.9075
M0717,86.4,1,8,Tidak,0,6.2,8,Tidak,3.42
M0718,81.5,3,12,Ya,37,8.1,4,Tidak,3.2575
M0719,85.2,2,11,Ya,15,5.8,1,Tidak,2.725
M0720,72.0,0,10,Tidak,0,4.2,7,Tidak,2.88
M0721,76.9,1,11,Tidak,0,5.1,6,Tidak,3.5825
M0722,81.9,2,6,Tidak,0,7.0,6,Tidak,1.9899999999999998
M0723,82.8,3,7,Tidak,0,5.5,3,Tidak,1.92
M0724,83.2,2,15,Tidak,0,4.7,10,Tidak,3.2674999999999996
M0725,78.6,1,10,Tidak,0,2.9,7,Tidak,3.285
M0726,76.2,0,17,Tidak,0,4.2,6,Tidak,2.325
M0727,100.0,2,6,Tidak,0,5.2,10,Tidak,3.005
M0728,89.1,4,10,Tidak,0,4.8,10,Tidak,3.1775
M0729,84.1,0,7,Tidak,0,4.1,9,Tidak,2.5275
M0730,77.7,2,12,Tidak,0,9.1,3,Tidak,2.4375
M0731,75.5,1,4,Tidak,0,7.2,3,Tidak,3.1225
M0732,78.7,0,9,Tidak,0,10.4,4,Tidak,2.62
M0733,82.9,4,11,Tidak,0,2.8,3,Tidak,2.9825
M0734,61.2,0,6,Ya,37,6.6,4,Ya,1.775
M0735,64.3,2,12,Tidak,0,5.1,6,Tidak,3.805
M0736,73.6,2,11,Tidak,0,6.0,1,Tidak,3.1025
M0737,82.1,2,9,Ya,11,9.7,2,Tidak,2.795
M0738,77.6,2,10,Tidak,0,2.5,10,Tidak,3.395
M0739,94.8,3,7,Tidak,0,4.9,6,Tidak,3.8049999999999997
M0740,65.2,0,16,Tidak,0,4.5,6,Tidak,3.5325
M0741,72.5,1,10,Tidak,0,4.9,1,Tidak,1.9224999999999999
M0742,95.2,1,9,Tidak,0,1.8,6,Tidak,2.31
M0743,81.3,1,9,Tidak,0,8.6,9,Tidak,2.38
M0744,88.8,1,4,Ya,29,8.7,8,Ya,2.8850000000000002
M0745,100.0,2,9,Tidak,0,7.2,10,Tidak,2.655
M0746,73.1,0,7,Tidak,0,3.3,5,Tidak,2.2575
M0747,79.0,0,12,Tidak,0,6.6,4,Tidak,2.8899999999999997
M0748,77.3,2,11,Tidak,0,7.7,6,Tidak,2.0325
M0749,60.5,1,10,Tidak,0,6.8,5,Tidak,2.4124999999999996
M0750,76.9,3,9,Tidak,0,5.9,6,Tidak,2.0575
M0751,88.8,1,10,Tidak,0,8.8,10,Tidak,2.97
M0752,85.4,2,10,Ya,37,4.6,3,Tidak,2.375
M0753,86.2,4,6,Ya,40,5.7,7,Ya,2.15
M0754,76.2,1,5,Tidak,0,7.3,8,Tidak,3.26
M0755,73.4,0,7,Ya,39,6.6,5,Tidak,2.0900000000000003
M0756,92.7,2,8,Tidak,0,7.1,5,Tidak,3.76
M0757,75.0,4,9,Tidak,0,7.1,4,Tidak,2.895
M0758,82.9,1,12,Tidak,0,7.0,10,Tidak,2.945
M0759,81.6,1,12,Tidak,0,5.3,5,Tidak,2.17
M0760,94.6,2,10,Tidak,0,4.6,10,Tidak,3.415
M0761,89.7,1,9,Tidak,0,6.3,8,Tidak,2.525
M0762,67.0,2,10,Ya,15,9.0,5,Tidak,2.765
M0763,68.1,1,12,Tidak,0,6.0,9,Tidak,4.0
M0764,85.8,2,9,Ya,31,7.2,1,Tidak,2.7925
M0765,79.4,1,9,Ya,25,6.2,7,Tidak,3.12
M0766,75.4,1,9,Tidak,0,10.1,5,Tidak,2.7025
M0767,90.2,1,6,Tidak,0,5.7,4,Tidak,2.7575
M0768,81.9,2,9,Ya,35,7.2,3,Tidak,3.775
M0769,80.5,1,10,Tidak,0,4.6,10,Tidak,2.6575
M0770,87.8,2,8,Tidak,0,3.8,7,Tidak,3.7375
M0771,76.2,1,8,Ya,23,6.0,2,Tidak,3.1025
M0772,95.7,2,9,Tidak,0,8.4,5,Tidak,2.2125
M0773,72.1,1,9,Tidak,0,7.3,2,Tidak,3.01
M0774,86.6,2,16,Tidak,0,1.8,7,Ya,2.8625000000000003
M0775,94.3,0,10,Tidak,0,7.5,6,Tidak,2.565
M0776,66.2,4,10,Ya,18,2.9,10,Ya,2.12
M0777,76.6,3,11,Ya,26,7.7,7,Ya,2.44
M0778,91.4,2,11,Ya,35,7.1,9,Tidak,2.8325
M0779,91.6,0,11,Tidak,0,5.7,2,Tidak,2.6425
M0780,78.3,0,11,Ya,35,7.5,9,Ya,2.7275
M0781,72.7,1,10,Ya,26,5.5,7,Tidak,3.215
M0782,89.6,1,4,Ya,17,6.3,2,Tidak,2.0324999999999998
M0783,91.8,3,7,Tidak,0,3.1,10,Ya,2.47
M0784,68.4,1,4,Ya,21,5.5,2,Ya,2.7125
M0785,68.0,4,11,Tidak,0,7.8,4,Tidak,3.435
M0786,82.3,5,13,Tidak,0,3.3,2,Tidak,3.18
M0787,86.3,1,10,Tidak,0,7.6,1,Tidak,3.2300000000000004
M0788,77.0,1,8,Ya,11,2.0,6,Tidak,2.5524999999999998
M0789,86.8,3,8,Ya,15,3.6,10,Ya,2.2575
M0790,72.9,3,16,Tidak,0,5.4,5,Tidak,2.035
M0791,58.9,3,13,Tidak,0,6.3,3,Tidak,3.0974999999999997
M0792,75.8,2,9,Tidak,0,4.9,1,Tidak,2.6775
M0793,80.6,2,10,Ya,39,4.8,9,Tidak,2.9025000000000003
M0794,77.2,2,12,Ya,30,8.2,8,Ya,1.945
M0795,68.4,1,8,Tidak,0,8.4,6,Tidak,2.2125
M0796,61.8,1,6,Tidak,0,5.2,6,Tidak,3.0575
M0797,74.9,2,9,Tidak,0,5.2,4,Tidak,3.0975
M0798,89.0,2,11,Tidak,0,5.4,2,Tidak,2.5625
M0799,92.6,1,2,Tidak,0,10.4,4,Tidak,2.3975
M0800,91.9,3,4,Tidak,0,6.0,2,Tidak,3.08
M0801,71.8,3,8,Tidak,0,9.1,7,Tidak,3.3200000000000003
M0802,68.5,4,7,Tidak,0,7.5,9,Ya,3.0700000000000003
M0803,85.0,1,10,Tidak,0,5.8,2,Tidak,2.5375
M0804,86.4,3,13,Tidak,0,4.7,9,Tidak,2.365
M0805,84.0,1,12,Tidak,0,7.6,9,Tidak,2.4524999999999997
M0806,59.9,3,16,Tidak,0,4.4,8,Ya,2.0025
M0807,71.3,1,12,Ya,40,5.2,1,Tidak,2.7175000000000002
M0808,79.7,1,10,Tidak,0,7.3,5,Tidak,2.525
M0809,84.9,2,11,Tidak,0,5.5,10,Tidak,3.7550000000000003
M0810,87.7,2,5,Tidak,0,5.2,4,Tidak,2.0675
M0811,81.4,1,9,Ya,13,5.4,7,Tidak,2.8274999999999997
M0812,83.3,0,6,Tidak,0,4.6,8,Tidak,2.0725000000000002
M0813,80.8,0,9,Ya,15,6.9,10,Tidak,3.8175
M0814,86.9,3,6,Tidak,0,6.1,8,Ya,2.5475
M0815,83.1,0,12,Tidak,0,3.3,2,Tidak,3.6699999999999995
M0816,80.7,1,14,Ya,39,5.0,3,Tidak,2.2175
M0817,77.3,1,5,Ya,23,5.3,10,Tidak,3.0875000000000004
M0818,80.8,3,12,Tidak,0,5.3,10,Tidak,3.0825
M0819,84.8,1,8,Ya,17,7.2,7,Tidak,3.025
M0820,82.7,2,5,Tidak,0,4.6,4,Tidak,2.815
M0821,83.8,1,4,Tidak,0,11.4,6,Tidak,2.605
M0822,93.4,1,9,Ya,18,8.8,8,Tidak,3.735
M0823,82.7,2,13,Tidak,0,8.8,8,Tidak,3.7525
M0824,73.5,3,9,Ya,25,3.9,7,Ya,2.3475
M0825,88.8,2,14,Tidak,0,1.9,2,Tidak,2.6100000000000003
M0826,66.3,0,15,Tidak,0,5.3,2,Tidak,3.8375
M0827,69.2,1,8,Tidak,0,6.6,3,Tidak,3.7699999999999996
M0828,83.4,1,12,Tidak,0,5.7,4,Tidak,2.645
M0829,85.2,1,8,Tidak,0,4.9,1,Tidak,2.9349999999999996
M0830,67.5,2,17,Ya,30,2.5,5,Ya,2.385
M0831,76.2,1,13,Tidak,0,4.7,7,Tidak,1.91
M0832,73.9,0,12,Tidak,0,5.5,10,Tidak,1.9000000000000001
M0833,75.1,1,7,Tidak,0,5.0,5,Tidak,2.655
M0834,89.4,4,13,Ya,38,5.0,7,Ya,2.4625
M0835,87.1,2,6,Tidak,0,4.4,5,Tidak,2.4725
M0836,79.8,0,13,Ya,14,9.3,10,Tidak,2.78
M0837,74.5,2,10,Tidak,0,7.4,8,Tidak,3.86
M0838,66.5,0,6,Tidak,0,7.9,7,Ya,2.42
M0839,94.2,4,10,Tidak,0,6.5,1,Tidak,3.77
M0840,85.9,2,17,Ya,24,3.3,1,Tidak,2.5324999999999998
M0841,72.9,1,11,Tidak,0,7.5,5,Tidak,2.68
M0842,87.2,1,14,Ya,11,8.7,2,Tidak,2.7699999999999996
M0843,79.3,2,10,Tidak,0,9.0,9,Tidak,2.8150000000000004
M0844,77.1,2,7,Ya,38,7.2,2,Tidak,2.6425
M0845,84.4,3,15,Tidak,0,6.0,9,Tidak,3.2824999999999998
M0846,72.6,0,5,Tidak,0,6.0,10,Tidak,2.9149999999999996
M0847,76.6,2,8,Tidak,0,7.0,2,Tidak,2.4875
M0848,81.2,2,12,Ya,28,2.7,4,Tidak,3.7675
M0849,75.0,2,13,Tidak,0,7.3,3,Tidak,2.4499999999999997
M0850,86.7,0,14,Tidak,0,5.0,6,Tidak,2.4050000000000002
M0851,98.7,3,7,Tidak,0,10.4,4,Tidak,1.965
M0852,72.5,2,9,Ya,19,5.4,9,Tidak,3.0300000000000002
M0853,63.3,0,10,Tidak,0,6.4,9,Ya,2.315
M0854,60.0,5,8,Tidak,0,6.3,10,Ya,3.3325
M0855,78.5,3,15,Tidak,0,4.6,9,Tidak,3.8475
M0856,73.4,0,13,Tidak,0,6.9,3,Tidak,2.875
M0857,82.1,2,17,Tidak,0,6.7,3,Tidak,2.3575
M0858,81.3,2,13,Tidak,0,8.0,4,Tidak,3.105
M0859,64.0,2,10,Ya,32,7.4,9,Ya,2.7550000000000003
M0860,61.9,4,14,Tidak,0,6.4,6,Tidak,3.2125000000000004
M0861,83.0,0,8,Tidak,0,4.4,9,Tidak,2.6475
M0862,81.4,0,7,Ya,13,4.4,8,Tidak,2.165
M0863,75.7,1,12,Tidak,0,9.3,7,Tidak,3.3625
M0864,63.4,3,7,Tidak,0,6.2,5,Tidak,3.665
M0865,84.7,2,8,Ya,12,10.2,9,Tidak,2.57
M0866,92.7,2,7,Ya,28,4.4,4,Tidak,2.3649999999999998
M0867,82.8,1,8,Tidak,0,10.4,4,Tidak,2.8649999999999998
M0868,71.5,1,12,Ya,39,4.1,8,Ya,2.7024999999999997
M0869,80.4,0,9,Ya,22,5.1,4,Tidak,3.23
M0870,66.3,1,9,Tidak,0,6.9,7,Tidak,3.7725
M0871,90.6,1,13,Tidak,0,8.0,4,Tidak,3.0575
M0872,80.8,2,3,Tidak,0,7.4,1,Tidak,2.76
M0873,62.3,2,8,Tidak,0,2.2,10,Ya,1.6524999999999999
M0874,77.0,3,14,Tidak,0,4.9,9,Ya,2.295
M0875,84.6,2,7,Tidak,0,3.7,4,Tidak,2.5825
M0876,76.7,1,15,Tidak,0,3.2,3,Tidak,3.2800000000000002
M0877,77.2,1,13,Ya,27,6.0,3,Tidak,2.1725
M0878,67.8,3,9,Ya,19,1.8,9,Ya,2.7700000000000005
M0879,85.7,3,19,Tidak,0,8.0,8,Tidak,2.735
M0880,73.5,2,12,Tidak,0,7.5,10,Tidak,3.3674999999999997
M0881,58.4,2,11,Ya,24,9.2,7,Ya,3.6625
M0882,76.3,3,9,Ya,15,3.9,7,Ya,2.2525
M0883,89.8,1,11,Tidak,0,4.1,4,Tidak,2.2399999999999998
M0884,76.1,2,11,Ya,18,8.1,3,Tidak,3.4799999999999995
M0885,97.4,2,6,Tidak,0,8.3,4,Tidak,2.6325
M0886,84.3,1,10,Ya,20,8.7,6,Tidak,3.4775
M0887,83.4,1,9,Ya,31,8.3,4,Tidak,2.7449999999999997
M0888,78.7,3,9,Tidak,0,6.4,4,Tidak,3.295
M0889,79.3,2,10,Tidak,0,5.1,2,Tidak,2.9974999999999996
M0890,77.4,1,13,Tidak,0,7.5,7,Tidak,3.5200000000000005
M0891,77.0,2,10,Tidak,0,5.1,6,Tidak,3.1900000000000004
M0892,85.3,2,4,Tidak,0,6.2,2,Tidak,2.65
M0893,70.6,4,10,Tidak,0,5.2,5,Tidak,3.325
M0894,69.2,1,12,Tidak,0,6.5,6,Tidak,3.4375
M0895,68.8,0,9,Tidak,0,8.5,5,Tidak,3.39
M0896,100.0,1,11,Ya,37,5.3,4,Tidak,3.74
M0897,85.3,0,3,Tidak,0,5.0,9,Ya,1.9725000000000001
M0898,83.0,1,8,Tidak,0,5.8,3,Tidak,3.005
M0899,69.4,0,13,Ya,37,3.6,2,Tidak,3.4299999999999997
M0900,86.2,0,14,Ya,20,7.3,9,Tidak,2.4375
M0901,78.8,0,12,Tidak,0,6.2,8,Tidak,2.9825
M0902,82.1,3,11,Tidak,0,5.9,9,Ya,2.3525
M0903,70.2,0,10,Ya,37,6.7,10,Ya,2.56
M0904,81.6,0,9,Ya,12,3.1,3,Tidak,3.425
M0905,75.8,1,10,Tidak,0,8.8,1,Tidak,2.6225
M0906,72.3,2,7,Tidak,0,5.0,1,Tidak,3.155
M0907,87.3,0,4,Ya,37,5.3,3,Ya,1.8675000000000002
M0908,64.6,2,12,Tidak,0,7.7,4,Tidak,2.7125000000000004
M0909,85.6,4,8,Ya,36,7.2,2,Tidak,2.99
M0910,86.8,1,4,Tidak,0,10.0,8,Tidak,3.7775
M0911,71.2,2,8,Tidak,0,4.1,3,Tidak,2.2925
M0912,71.8,1,6,Tidak,0,4.1,4,Tidak,3.2925
M0913,77.8,2,12,Tidak,0,3.6,6,Tidak,2.8275
M0914,82.8,0,7,Ya,29,6.3,10,Tidak,3.8200000000000003
M0915,78.5,4,14,Tidak,0,5.5,6,Tidak,2.7975
M0916,84.3,1,3,Ya,27,4.6,2,Tidak,3.285
M0917,97.6,0,11,Tidak,0,5.9,6,Tidak,3.1399999999999997
M0918,74.9,1,7,Tidak,0,3.9,4,Tidak,3.1775
M0919,62.8,1,11,Tidak,0,9.1,5,Tidak,2.9399999999999995
M0920,88.3,1,8,Tidak,0,4.6,7,Tidak,3.385
M0921,96.8,1,13,Ya,20,4.9,7,Tidak,3.4450000000000003
M0922,83.9,0,8,Tidak,0,1.2,6,Tidak,2.4525
M0923,69.1,2,13,Ya,28,2.7,10,Ya,2.9475
M0924,78.8,4,4,Tidak,0,4.8,6,Tidak,2.59
M0925,68.8,3,6,Ya,29,5.4,6,Ya,3.335
M0926,86.4,2,6,Ya,34,7.4,4,Tidak,1.925
M0927,66.5,1,7,Ya,20,3.0,3,Tidak,2.4349999999999996
M0928,77.0,3,7,Tidak,0,6.9,1,Tidak,2.985
M0929,70.0,0,2,Ya,30,7.2,3,Tidak,3.695
M0930,81.3,0,11,Tidak,0,7.4,3,Tidak,2.8949999999999996
M0931,76.3,2,12,Ya,17,8.1,9,Tidak,2.8225
M0932,81.8,2,13,Ya,24,3.7,3,Tidak,3.37
M0933,80.2,2,17,Tidak,0,7.1,8,Tidak,2.125
M0934,70.1,3,9,Tidak,0,9.5,8,Ya,2.0875
M0935,86.3,4,8,Ya,20,8.8,3,Tidak,3.21
M0936,79.5,2,12,Ya,19,9.8,10,Tidak,2.995
M0937,70.1,0,7,Tidak,0,6.5,10,Tidak,2.2625
M0938,100.0,0,3,Tidak,0,4.8,6,Tidak,3.2475
M0939,84.8,1,8,Tidak,0,1.0,8,Tidak,2.665
M0940,78.5,2,9,Ya,30,3.5,8,Ya,2.1225
M0941,94.2,0,9,Tidak,0,4.9,10,Tidak,2.4425
M0942,98.4,0,14,Ya,32,5.3,10,Tidak,3.1774999999999998
M0943,78.5,0,13,Tidak,0,4.4,9,Tidak,3.38
M0944,83.5,1,9,Tidak,0,6.7,9,Tidak,2.6675
M0945,70.1,1,4,Tidak,0,6.4,8,Tidak,3.75
M0946,78.5,0,8,Tidak,0,6.1,7,Tidak,2.24
M0947,78.0,0,13,Tidak,0,7.6,10,Tidak,1.8649999999999998
M0948,81.8,4,8,Ya,24,5.1,3,Ya,1.8175
M0949,83.3,1,13,Ya,11,8.2,7,Tidak,2.6475
M0950,85.6,1,7,Tidak,0,3.6,4,Tidak,2.67
M0951,82.4,1,9,Tidak,0,5.4,2,Tidak,2.885
M0952,67.9,1,9,Ya,38,6.6,8,Ya,3.4299999999999997
M0953,70.6,2,8,Tidak,0,2.2,2,Tidak,2.285
M0954,74.5,1,11,Tidak,0,5.0,1,Tidak,3.825
M0955,77.2,2,17,Tidak,0,7.4,5,Tidak,2.525
M0956,90.5,3,10,Tidak,0,5.1,10,Tidak,3.4074999999999998
M0957,68.4,2,14,Tidak,0,2.4,9,Ya,3.1575
M0958,76.4,1,16,Ya,23,4.2,5,Tidak,3.2725
M0959,89.5,0,5,Tidak,0,3.3,2,Tidak,3.475
M0960,77.0,3,8,Tidak,0,7.0,10,Tidak,2.8550000000000004
M0961,84.6,1,8,Ya,29,6.2,4,Tidak,2.9675
M0962,78.6,3,13,Tidak,0,2.9,8,Ya,3.1875
M0963,82.6,3,8,Tidak,0,2.7,7,Ya,2.7975
M0964,77.7,1,8,Ya,38,4.6,5,Tidak,2.93
M0965,86.7,1,15,Ya,32,6.1,4,Tidak,2.9525
M0966,64.5,0,7,Ya,23,4.7,5,Tidak,3.465
M0967,76.4,0,7,Tidak,0,6.7,7,Tidak,2.36
M0968,83.0,1,13,Tidak,0,6.6,5,Tidak,3.7375000000000003
M0969,85.3,1,15,Tidak,0,7.1,8,Tidak,2.3175
M0970,94.9,1,6,Tidak,0,3.2,7,Tidak,2.4225
M0971,76.1,2,10,Tidak,0,5.4,7,Tidak,2.5825
M0972,94.8,1,5,Tidak,0,8.2,9,Tidak,2.43
M0973,73.4,2,8,Tidak,0,4.7,8,Tidak,2.905
M0974,93.3,1,12,Ya,16,4.4,8,Tidak,2.6925
M0975,88.2,2,7,Tidak,0,5.0,6,Tidak,2.6625
M0976,70.9,1,14,Tidak,0,5.0,7,Tidak,1.69
M0977,83.1,1,7,Ya,36,6.2,8,Tidak,3.085
M0978,79.5,1,17,Tidak,0,4.8,5,Tidak,1.6125
M0979,86.3,1,12,Tidak,0,2.0,10,Tidak,2.3075
M0980,77.8,1,10,Tidak,0,8.4,2,Tidak,2.7425
M0981,76.9,1,15,Tidak,0,7.0,7,Tidak,2.9725
M0982,93.7,2,8,Ya,38,6.3,10,Tidak,3.515
M0983,79.0,2,13,Tidak,0,5.8,3,Tidak,2.51
M0984,88.3,1,11,Ya,36,5.4,10,Tidak,2.7775
M0985,77.7,0,11,Ya,27,4.4,8,Ya,2.415
M0986,96.7,3,9,Tidak,0,2.2,6,Ya,2.205
M0987,73.2,2,8,Tidak,0,9.3,4,Tidak,3.38
M0988,73.9,3,8,Tidak,0,6.0,2,Tidak,3.43
M0989,95.2,0,11,Tidak,0,2.8,7,Ya,2.4625
M0990,75.6,3,10,Tidak,0,3.9,1,Tidak,3.58
M0991,96.0,2,8,Tidak,0,6.6,7,Tidak,2.9675000000000002
M0992,88.9,2,14,Tidak,0,6.6,10,Tidak,2.0875000000000004
M0993,78.5,1,13,Ya,22,4.5,10,Tidak,2.75
M0994,61.9,2,8,Ya,15,3.8,7,Tidak,2.58
M0995,79.8,3,10,Tidak,0,4.9,10,Ya,1.9349999999999998
M0996,81.0,1,9,Tidak,0,2.1,3,Tidak,2.6475
M0997,91.7,0,9,Ya,16,5.0,4,Tidak,3.8675
M0998,95.9,1,9,Ya,19,5.1,4,Tidak,3.2675
M0999,73.2,4,10,Ya,27,9.1,4,Tidak,2.7049999999999996
M1000,88.0,5,14,Tidak,0,5.1,9,Tidak,2.9575
M1001,87.7,3,13,Ya,28,6.5,6,Tidak,3.0675
M1002,90.7,2,8,Ya,21,9.2,10,Ya,2.8625
M1003,85.0,1,9,Tidak,0,3.9,9,Tidak,2.5225
M1004,60.6,1,3,Tidak,0,4.8,4,Tidak,2.84
M1005,78.4,2,14,Tidak,0,4.9,7,Tidak,3.44
M1006,68.4,1,9,Tidak,0,2.7,10,Ya,2.5675
M1007,78.0,0,9,Ya,20,5.5,9,Tidak,3.59
M1008,89.8,0,11,Tidak,0,8.3,10,Tidak,2.9525
M1009,83.1,2,12,Tidak,0,7.7,3,Tidak,3.55
M1010,91.5,0,9,Tidak,0,8.4,3,Tidak,2.5124999999999997
M1011,83.4,2,11,Tidak,0,4.7,6,Tidak,3.7
M1012,67.0,2,9,Tidak,0,3.7,8,Tidak,3.3124999999999996
M1013,54.8,1,12,Ya,14,10.5,1,Tidak,3.6125
M1014,81.5,0,10,Tidak,0,6.4,4,Tidak,2.165
M1015,77.9,0,7,Ya,36,2.8,8,Ya,3.5225
M1016,70.2,2,8,Tidak,0,11.1,6,Tidak,3.0875
M1017,63.0,2,13,Tidak,0,5.8,2,Tidak,1.87
M1018,72.7,0,10,Tidak,0,1.0,8,Ya,2.1625
M1019,78.1,2,2,Tidak,0,8.9,1,Tidak,2.6575
M1020,86.7,1,9,Tidak,0,1.4,1,Tidak,3.2024999999999997
M1021,81.9,1,14,Tidak,0,6.6,7,Tidak,3.47
M1022,96.1,2,11,Tidak,0,7.7,10,Tidak,2.1725
M1023,69.6,2,14,Tidak,0,7.4,3,Tidak,2.6275
M1024,88.8,1,3,Tidak,0,9.1,8,Tidak,3.73
M1025,80.5,1,8,Tidak,0,8.0,9,Tidak,3.635
M1026,86.9,2,12,Tidak,0,9.7,8,Tidak,2.775
M1027,75.6,0,12,Tidak,0,5.8,1,Tidak,2.7325
M1028,90.7,3,6,Tidak,0,5.2,1,Tidak,2.8074999999999997
M1029,83.0,3,15,Tidak,0,5.3,6,Tidak,3.105
M1030,73.2,1,12,Tidak,0,8.7,1,Tidak,2.3225
M1031,79.9,4,11,Tidak,0,4.7,8,Ya,1.91
M1032,77.6,0,10,Tidak,0,7.7,6,Tidak,1.9700000000000002
M1033,84.9,0,9,Ya,32,4.3,5,Tidak,3.2525
M1034,68.2,3,6,Tidak,0,4.3,6,Tidak,2.91
M1035,79.7,3,5,Tidak,0,8.4,4,Tidak,2.8000000000000003
M1036,84.0,1,15,Ya,30,6.9,1,Tidak,3.8275
M1037,80.3,2,6,Tidak,0,1.7,7,Ya,2.3274999999999997
M1038,93.5,4,5,Tidak,0,4.3,10,Ya,1.9324999999999999
M1039,87.7,0,13,Tidak,0,1.0,9,Ya,2.765
M1040,79.9,1,11,Tidak,0,5.2,4,Tidak,3.2725
M1041,82.2,1,8,Tidak,0,5.5,4,Tidak,3.8575
M1042,83.0,0,10,Tidak,0,5.1,9,Tidak,2.3225
M1043,84.0,1,8,Ya,14,8.4,4,Tidak,3.215
M1044,61.7,4,5,Tidak,0,6.8,10,Ya,2.5975
M1045,77.0,4,11,Tidak,0,10.9,4,Tidak,3.0525
M1046,65.2,2,18,Tidak,0,7.1,8,Tidak,2.9
M1047,92.8,0,8,Tidak,0,7.1,4,Tidak,3.0824999999999996
M1048,79.4,1,10,Ya,35,6.5,9,Ya,1.9225
M1049,78.1,0,10,Tidak,0,5.5,8,Tidak,3.7075000000000005
M1050,89.0,0,12,Tidak,0,4.7,5,Tidak,3.6424999999999996
M1051,84.2,1,7,Ya,40,5.5,9,Tidak,2.365
M1052,68.7,2,7,Tidak,0,5.6,8,Tidak,2.9274999999999998
M1053,79.3,2,11,Tidak,0,5.8,10,Tidak,3.1125
M1054,76.6,5,9,Tidak,0,7.3,4,Tidak,2.7350000000000003
M1055,62.6,5,10,Tidak,0,6.6,4,Tidak,2.74
M1056,73.1,3,13,Ya,37,5.0,1,Ya,2.005
M1057,78.2,2,10,Tidak,0,4.5,4,Tidak,2.7475
M1058,78.9,3,11,Ya,26,6.4,8,Ya,3.4375
M1059,65.2,1,7,Tidak,0,4.1,5,Tidak,2.9274999999999998
M1060,91.5,1,12,Tidak,0,5.1,6,Tidak,2.5075
M1061,79.0,3,8,Tidak,0,4.9,4,Tidak,3.335
M1062,80.4,2,12,Tidak,0,10.9,5,Tidak,1.7000000000000002
M1063,84.0,0,15,Ya,37,3.5,10,Tidak,3.2449999999999997
M1064,72.1,0,10,Tidak,0,4.4,8,Tidak,1.685
M1065,84.6,1,11,Tidak,0,4.9,9,Tidak,2.41
M1066,76.3,1,13,Tidak,0,5.1,3,Tidak,2.215
M1067,71.0,3,12,Ya,16,8.0,10,Tidak,2.5225
M1068,85.7,1,6,Tidak,0,5.5,4,Tidak,3.6125000000000003
M1069,94.9,2,13,Tidak,0,3.4,1,Tidak,2.7375
M1070,87.2,2,11,Tidak,0,8.9,5,Tidak,3.0175
M1071,89.2,3,8,Tidak,0,6.5,4,Tidak,2.41
M1072,74.8,1,8,Tidak,0,6.8,6,Tidak,3.3175
M1073,64.0,1,6,Tidak,0,7.3,6,Tidak,2.8725
M1074,94.9,0,11,Tidak,0,3.5,10,Tidak,2.38
M1075,100.0,2,12,Ya,33,6.0,6,Tidak,3.2199999999999998
M1076,95.4,0,7,Tidak,0,7.6,3,Tidak,3.0725000000000002
M1077,76.6,3,7,Tidak,0,4.7,7,Tidak,2.2575
M1078,68.5,1,14,Ya,10,6.6,3,Tidak,3.0275
M1079,69.3,0,9,Ya,37,7.1,6,Tidak,3.6950000000000003
M1080,63.2,3,10,Ya,21,3.1,10,Ya,3.385
M1081,78.9,3,14,Tidak,0,3.9,1,Tidak,2.7750000000000004
M1082,96.1,2,12,Ya,31,1.4,8,Ya,2.7725
M1083,78.6,0,6,Ya,15,6.5,7,Tidak,2.155
M1084,83.0,0,12,Tidak,0,9.8,9,Tidak,3.375
M1085,93.8,1,12,Tidak,0,4.6,3,Tidak,3.0675
M1086,76.0,2,11,Tidak,0,5.6,8,Tidak,3.28
M1087,100.0,1,11,Tidak,0,8.0,2,Tidak,3.31
M1088,99.9,2,6,Tidak,0,6.5,9,Tidak,3.13
M1089,78.7,0,10,Tidak,0,4.1,1,Tidak,2.2474999999999996
M1090,74.2,4,14,Tidak,0,9.1,10,Tidak,2.6900000000000004
M1091,87.0,2,12,Tidak,0,6.4,7,Tidak,2.0375
M1092,76.5,3,16,Tidak,0,5.5,10,Tidak,2.9725
M1093,68.4,1,11,Ya,15,5.7,1,Tidak,2.8175
M1094,92.8,1,8,Tidak,0,7.2,6,Tidak,3.2725
M1095,92.2,2,5,Tidak,0,4.8,1,Tidak,3.0100000000000002
M1096,81.6,2,8,Tidak,0,9.1,4,Tidak,2.8675
M1097,67.4,3,5,Tidak,0,8.5,7,Ya,3.3525
M1098,67.7,0,14,Tidak,0,6.0,2,Tidak,1.76
M1099,81.1,1,8,Tidak,0,6.1,3,Tidak,3.0500000000000003
M1100,75.0,2,12,Tidak,0,4.3,4,Tidak,3.0025
M1101,76.6,1,11,Tidak,0,4.7,6,Tidak,3.28
M1102,90.2,2,7,Tidak,0,3.7,9,Tidak,1.76
M1103,87.3,2,13,Tidak,0,5.6,4,Tidak,3.96
M1104,93.8,1,10,Tidak,0,6.1,6,Tidak,2.9575
M1105,70.1,1,10,Tidak,0,2.8,7,Tidak,3.2925
M1106,76.6,1,10,Tidak,0,7.4,4,Tidak,2.3625
M1107,87.6,1,9,Ya,25,4.3,6,Tidak,2.5175
M1108,84.5,4,9,Tidak,0,6.8,3,Tidak,2.3925
M1109,95.3,2,8,Ya,24,7.6,5,Tidak,2.2575
M1110,84.2,3,6,Tidak,0,8.6,10,Tidak,3.3775
M1111,98.5,0,6,Tidak,0,8.2,4,Tidak,2.295
M1112,85.4,1,9,Tidak,0,9.3,7,Tidak,3.2425
M1113,90.6,1,10,Tidak,0,7.6,6,Tidak,3.265
M1114,76.8,1,10,Tidak,0,6.3,7,Tidak,2.5
M1115,80.1,2,8,Tidak,0,5.1,6,Tidak,3.03
M1116,89.1,1,10,Tidak,0,5.8,2,Tidak,3.0875
M1117,96.1,1,9,Tidak,0,9.3,7,Tidak,3.985
M1118,87.3,1,8,Ya,37,5.6,8,Ya,2.48
M1119,79.2,2,9,Ya,29,6.0,7,Ya,2.835
M1120,93.8,0,15,Tidak,0,9.0,4,Tidak,3.79
M1121,58.1,2,7,Ya,35,5.5,4,Tidak,3.0
M1122,65.8,2,10,Tidak,0,4.4,5,Tidak,3.1275
M1123,86.8,2,12,Ya,16,8.3,9,Tidak,3.1574999999999998
M1124,80.1,4,9,Tidak,0,4.3,5,Tidak,2.135
M1125,86.1,1,10,Tidak,0,6.8,2,Tidak,3.7475
M1126,80.6,2,7,Tidak,0,6.5,5,Tidak,2.145
M1127,85.7,1,10,Ya,13,6.6,3,Tidak,2.485
M1128,71.9,3,9,Ya,34,1.2,10,Ya,2.7675
M1129,85.7,1,10,Tidak,0,7.6,8,Tidak,2.8200000000000003
M1130,89.9,4,11,Ya,15,5.9,10,Tidak,2.9825
M1131,92.2,0,17,Tidak,0,7.2,10,Tidak,2.9975000000000005
M1132,100.0,2,7,Tidak,0,7.0,2,Tidak,3.1125
M1133,82.4,0,10,Ya,22,6.6,4,Tidak,3.325
M1134,82.7,2,11,Tidak,0,5.2,5,Tidak,3.445
M1135,64.8,2,12,Tidak,0,5.2,4,Tidak,2.4225
M1136,74.7,0,6,Tidak,0,5.9,5,Tidak,3.425
M1137,78.1,3,11,Tidak,0,6.3,10,Tidak,3.6275000000000004
M1138,90.5,4,5,Tidak,0,5.2,4,Tidak,2.0225
M1139,73.9,1,13,Tidak,0,7.9,3,Tidak,3.0599999999999996
M1140,88.0,2,13,Tidak,0,5.3,1,Tidak,3.0925
M1141,80.0,2,6,Ya,23,4.0,4,Tidak,2.51
M1142,78.2,0,5,Tidak,0,7.2,9,Tidak,3.12
M1143,82.5,1,9,Tidak,0,9.8,1,Tidak,2.855
M1144,76.1,1,3,Tidak,0,3.7,7,Ya,2.54
M1145,75.7,3,6,Tidak,0,5.7,3,Tidak,2.965
M1146,63.0,0,13,Tidak,0,8.1,8,Tidak,2.9699999999999998
M1147,77.5,3,14,Tidak,0,7.1,6,Tidak,2.1175
M1148,75.2,0,13,Tidak,0,7.2,1,Tidak,1.815
M1149,74.8,2,8,Tidak,0,6.1,10,Tidak,3.74
M1150,84.2,2,9,Tidak,0,1.0,5,Tidak,2.1725
M1151,86.6,2,11,Tidak,0,6.5,8,Tidak,2.88
M1152,82.3,1,15,Tidak,0,6.7,3,Tidak,1.6375
M1153,90.0,0,8,Ya,24,8.3,4,Tidak,1.8424999999999998
M1154,85.8,4,11,Tidak,0,4.5,7,Ya,2.0275
M1155,77.0,0,13,Ya,14,9.4,6,Tidak,3.2275
M1156,75.4,2,10,Ya,37,5.4,7,Ya,2.7775
M1157,83.1,0,9,Tidak,0,5.0,9,Tidak,2.29
M1158,85.7,0,12,Tidak,0,4.6,9,Tidak,3.915
M1159,94.0,4,8,Tidak,0,8.1,2,Tidak,3.495
M1160,91.9,2,10,Tidak,0,3.8,3,Tidak,2.5075
M1161,74.6,1,8,Tidak,0,7.3,4,Tidak,1.5725
M1162,79.0,1,12,Tidak,0,4.4,6,Tidak,3.6725
M1163,86.7,1,9,Ya,37,5.9,5,Tidak,2.03
M1164,90.7,0,8,Tidak,0,3.0,6,Tidak,1.755
M1165,89.4,3,11,Tidak,0,7.6,8,Tidak,3.1125
M1166,79.4,0,14,Tidak,0,5.7,2,Tidak,3.74
M1167,67.5,0,16,Ya,24,7.1,6,Tidak,3.4675000000000002
M1168,70.0,2,7,Ya,38,5.6,9,Tidak,3.085
M1169,82.7,4,7,Tidak,0,7.1,5,Tidak,3.045
M1170,83.4,1,11,Tidak,0,5.9,1,Tidak,2.9724999999999997
M1171,69.0,1,9,Tidak,0,7.5,8,Tidak,2.9775
M1172,80.4,1,10,Ya,16,7.1,4,Tidak,2.8675
M1173,86.3,0,12,Tidak,0,6.4,8,Tidak,2.4775
M1174,68.5,3,9,Tidak,0,4.2,4,Tidak,2.8374999999999995
M1175,91.0,0,18,Tidak,0,5.1,8,Tidak,2.3775
M1176,76.2,1,10,Tidak,0,4.5,9,Tidak,2.785
M1177,92.6,2,11,Ya,22,8.9,5,Tidak,1.705
M1178,74.7,2,11,Tidak,0,7.6,5,Tidak,2.285
M1179,69.7,1,7,Ya,31,6.1,2,Ya,2.4775
M1180,75.4,0,11,Tidak,0,4.9,9,Tidak,2.3075
M1181,79.0,3,10,Ya,31,4.4,4,Tidak,3.165
M1182,76.1,2,7,Tidak,0,6.2,3,Tidak,3.5275
M1183,77.8,2,9,Tidak,0,9.7,2,Tidak,3.0374999999999996
M1184,83.3,3,12,Tidak,0,6.0,3,Tidak,1.92
M1185,78.3,3,15,Tidak,0,8.4,4,Tidak,2.2950000000000004
M1186,79.3,1,5,Ya,22,6.6,9,Tidak,3.3274999999999997
M1187,62.9,3,10,Tidak,0,7.1,6,Ya,1.9
M1188,83.9,1,6,Tidak,0,5.0,10,Tidak,3.0825
M1189,79.1,3,16,Tidak,0,5.6,5,Tidak,3.1225
M1190,96.1,1,11,Tidak,0,4.3,9,Tidak,2.84
M1191,70.6,3,11,Ya,10,6.6,8,Tidak,2.6775
M1192,61.9,2,12,Tidak,0,5.5,6,Tidak,2.285
M1193,86.2,3,12,Tidak,0,6.7,3,Tidak,3.09
M1194,83.5,0,15,Tidak,0,4.0,7,Tidak,2.8025
M1195,69.9,0,2,Tidak,0,6.9,10,Ya,1.69
M1196,64.7,1,8,Tidak,0,6.3,6,Tidak,2.5575
M1197,95.4,1,11,Ya,38,6.3,8,Tidak,3.1375
M1198,94.1,1,12,Tidak,0,6.8,6,Tidak,2.6025
M1199,55.1,2,5,Tidak,0,5.5,10,Tidak,2.835
M1200,75.4,1,6,Ya,16,13.6,4,Tidak,3.6075
M1201,96.6,1,11,Ya,19,6.9,10,Tidak,2.8649999999999998
M1202,75.2,3,12,Tidak,0,6.2,7,Tidak,2.6175
M1203,75.1,1,7,Ya,36,7.5,7,Tidak,2.9924999999999997
M1204,77.2,2,11,Ya,39,5.0,8,Tidak,3.4074999999999998
M1205,68.8,3,17,Tidak,0,4.9,2,Tidak,2.8275
M1206,63.0,2,8,Tidak,0,7.6,6,Tidak,2.8074999999999997
M1207,90.5,1,8,Ya,37,7.8,3,Tidak,2.4725
M1208,61.6,0,10,Tidak,0,8.4,8,Tidak,2.695
M1209,82.5,4,12,Tidak,0,3.1,4,Tidak,2.0525
M1210,88.9,1,15,Tidak,0,5.7,4,Tidak,3.8275
M1211,65.5,0,9,Tidak,0,6.7,2,Tidak,2.6425
M1212,70.8,2,15,Tidak,0,7.4,6,Tidak,2.0
M1213,92.1,1,13,Ya,32,7.1,6,Tidak,2.6925
M1214,85.3,3,10,Tidak,0,4.3,1,Tidak,3.625
M1215,73.8,1,10,Ya,28,7.0,8,Tidak,2.87
M1216,92.0,1,8,Ya,23,6.6,3,Tidak,3.8425000000000002
M1217,92.1,0,9,Tidak,0,6.6,1,Tidak,2.085
M1218,82.7,1,10,Ya,34,3.8,10,Tidak,2.8625
M1219,71.0,0,4,Tidak,0,4.1,1,Tidak,2.0575
M1220,75.9,2,4,Tidak,0,9.6,1,Tidak,3.6574999999999998
M1221,82.9,1,6,Tidak,0,8.0,5,Tidak,2.3225
M1222,78.1,1,9,Ya,10,5.9,5,Tidak,2.9525
M1223,89.4,1,4,Tidak,0,5.9,1,Tidak,3.3775
M1224,64.7,2,8,Tidak,0,10.4,5,Tidak,3.2625
M1225,65.1,1,12,Tidak,0,6.1,7,Tidak,3.2175
M1226,81.8,1,16,Tidak,0,5.8,5,Tidak,2.27
M1227,75.1,1,12,Ya,21,4.4,9,Ya,2.5625
M1228,73.7,2,13,Ya,15,5.5,4,Tidak,3.0625
M1229,62.3,0,11,Tidak,0,2.6,9,Ya,3.5549999999999997
M1230,80.2,3,12,Ya,12,7.0,8,Tidak,3.9525
M1231,79.5,1,14,Tidak,0,8.5,1,Tidak,2.615
M1232,86.5,1,7,Tidak,0,8.5,4,Tidak,1.865
M1233,80.7,1,7,Tidak,0,4.6,7,Tidak,2.3775
M1234,78.7,3,7,Tidak,0,1.4,1,Tidak,3.98
M1235,91.8,3,13,Tidak,0,6.7,8,Ya,2.1125
M1236,66.9,0,7,Tidak,0,8.6,2,Tidak,3.825
M1237,85.4,0,10,Tidak,0,2.8,8,Tidak,3.635
M1238,63.3,2,10,Tidak,0,5.3,4,Tidak,2.435
M1239,71.6,3,8,Tidak,0,6.7,8,Tidak,3.08
M1240,67.9,1,10,Tidak,0,4.3,1,Tidak,3.8
M1241,87.8,0,9,Tidak,0,2.5,5,Tidak,2.6475
M1242,79.3,0,11,Tidak,0,4.5,9,Tidak,3.1875
M1243,79.9,1,8,Ya,15,4.9,7,Tidak,2.185
M1244,68.9,0,11,Ya,24,2.2,3,Ya,2.5825000000000005
M1245,77.0,0,7,Ya,11,8.1,4,Tidak,2.64
M1246,72.4,0,4,Ya,24,9.1,10,Ya,2.315
M1247,83.8,2,11,Tidak,0,6.1,7,Tidak,2.8175
M1248,70.1,1,9,Ya,26,7.5,6,Tidak,2.02
M1249,93.3,0,13,Tidak,0,3.0,4,Tidak,2.9525
M1250,63.2,1,16,Tidak,0,5.7,3,Tidak,1.6625
M1251,71.9,4,14,Ya,18,4.8,2,Tidak,2.9850000000000003
M1252,96.8,1,12,Ya,30,6.8,10,Tidak,3.1525
M1253,75.6,1,7,Tidak,0,1.0,9,Ya,1.9525000000000001
M1254,66.9,2,11,Tidak,0,5.4,3,Tidak,3.0825000000000005
M1255,82.2,1,4,Tidak,0,7.3,7,Tidak,3.4225
M1256,75.2,3,11,Tidak,0,6.5,1,Tidak,2.1975
M1257,71.6,0,6,Tidak,0,7.6,8,Tidak,3.38
M1258,69.0,1,10,Tidak,0,4.8,1,Tidak,2.79
M1259,100.0,0,4,Ya,30,1.0,2,Ya,2.43
M1260,77.5,2,6,Tidak,0,8.2,1,Tidak,3.4450000000000003
M1261,60.7,0,13,Ya,35,7.5,4,Tidak,3.3675
M1262,94.9,1,11,Tidak,0,9.1,2,Tidak,2.7325
M1263,86.1,2,7,Tidak,0,6.1,1,Tidak,2.9375
M1264,72.3,0,14,Tidak,0,6.8,1,Tidak,2.77
M1265,70.7,0,13,Ya,23,10.7,2,Tidak,3.2
M1266,86.7,2,11,Tidak,0,2.3,6,Tidak,2.35
M1267,77.5,0,11,Tidak,0,6.9,2,Tidak,2.7750000000000004
M1268,60.7,0,4,Tidak,0,8.4,2,Ya,2.1925
M1269,97.9,2,11,Ya,27,6.4,8,Ya,2.295
M1270,75.7,3,12,Tidak,0,6.1,5,Tidak,3.61
M1271,95.0,0,8,Tidak,0,3.0,8,Tidak,3.37
M1272,92.8,0,12,Tidak,0,8.9,8,Tidak,3.3124999999999996
M1273,70.0,3,10,Tidak,0,8.1,2,Tidak,2.3325
M1274,90.3,1,6,Tidak,0,8.6,7,Tidak,2.8925
M1275,73.5,1,8,Ya,40,6.0,9,Tidak,3.255
M1276,61.3,0,11,Ya,37,5.4,8,Ya,3.245
M1277,75.8,1,12,Tidak,0,6.0,9,Tidak,3.69
M1278,84.0,1,12,Tidak,0,9.4,8,Tidak,2.835
M1279,75.4,3,8,Ya,32,5.5,4,Tidak,2.795
M1280,76.9,4,14,Tidak,0,9.0,10,Tidak,2.8449999999999998
M1281,91.4,1,8,Tidak,0,5.7,7,Tidak,2.5225
M1282,81.1,3,6,Ya,22,4.3,9,Ya,2.93
M1283,71.6,1,16,Tidak,0,1.8,9,Tidak,2.9650000000000003
M1284,87.0,1,9,Ya,13,7.1,4,Tidak,3.5625
M1285,82.0,1,11,Ya,20,7.5,7,Tidak,2.3949999999999996
M1286,54.8,2,7,Tidak,0,3.7,6,Tidak,2.4475
M1287,84.3,0,5,Tidak,0,9.0,3,Tidak,1.745
M1288,83.9,1,11,Ya,25,3.2,10,Tidak,3.2874999999999996
M1289,80.2,2,5,Tidak,0,7.4,6,Tidak,2.0825
M1290,88.9,1,12,Ya,26,7.5,8,Ya,1.7875
M1291,73.3,3,11,Ya,13,8.1,2,Tidak,3.325
M1292,83.4,1,13,Ya,29,2.1,3,Tidak,3.46
M1293,64.3,2,14,Ya,27,8.1,8,Ya,2.8125
M1294,84.1,1,12,Ya,10,5.7,4,Tidak,3.0825
M1295,99.5,0,17,Tidak,0,5.3,4,Tidak,2.78
M1296,70.1,0,6,Tidak,0,7.7,2,Tidak,2.4524999999999997
M1297,72.4,1,11,Ya,39,7.9,10,Tidak,3.5824999999999996
M1298,72.9,1,5,Ya,18,2.0,1,Tidak,2.4749999999999996
M1299,81.3,0,7,Ya,30,3.4,7,Tidak,2.72
M1300,69.4,1,9,Tidak,0,8.4,4,Tidak,3.3400000000000003
M1301,84.2,2,9,Tidak,0,6.9,6,Tidak,2.465
M1302,88.5,1,8,Ya,16,6.4,8,Tidak,3.0075
M1303,85.3,3,7,Tidak,0,4.0,7,Tidak,2.85
M1304,62.3,3,10,Tidak,0,6.9,7,Ya,2.2974999999999994
M1305,90.0,0,5,Ya,28,8.4,6,Tidak,3.3125
M1306,89.4,1,8,Tidak,0,10.6,4,Tidak,2.5225
M1307,88.3,1,9,Tidak,0,5.3,4,Tidak,2.9875000000000003
M1308,83.7,0,14,Ya,28,7.8,9,Tidak,2.86
M1309,82.2,0,12,Tidak,0,9.7,5,Tidak,3.5425
M1310,90.3,1,10,Tidak,0,3.1,9,Tidak,2.8225
M1311,99.2,0,7,Tidak,0,9.6,9,Tidak,2.4525
M1312,70.5,2,11,Tidak,0,6.4,4,Tidak,3.435
M1313,90.8,1,11,Tidak,0,6.1,2,Tidak,3.7725
M1314,79.1,2,7,Tidak,0,4.9,2,Tidak,2.7399999999999998
M1315,78.7,5,12,Tidak,0,5.3,9,Ya,2.5425
M1316,64.6,1,14,Tidak,0,4.5,9,Tidak,2.305
M1317,77.2,1,15,Ya,26,4.1,3,Tidak,1.96
M1318,70.0,2,9,Tidak,0,6.9,5,Tidak,2.49
M1319,75.4,0,8,Tidak,0,8.2,5,Tidak,2.7525
M1320,69.0,2,7,Tidak,0,3.9,2,Tidak,3.1799999999999997
M1321,75.5,1,8,Tidak,0,4.6,2,Tidak,2.9575
M1322,75.9,1,9,Tidak,0,6.5,10,Tidak,2.6675
M1323,81.0,1,9,Ya,23,3.8,1,Tidak,2.545
M1324,63.9,1,13,Tidak,0,6.5,2,Tidak,3.1475
M1325,65.5,1,13,Tidak,0,5.5,7,Tidak,3.1425
M1326,83.6,1,13,Tidak,0,2.7,1,Tidak,1.9675
M1327,72.0,1,11,Tidak,0,6.9,1,Tidak,2.3375
M1328,90.7,3,13,Tidak,0,4.9,9,Tidak,2.66
M1329,82.3,1,8,Tidak,0,8.1,2,Tidak,1.92
M1330,86.1,0,8,Tidak,0,5.6,4,Tidak,2.9925
M1331,94.1,3,18,Ya,31,4.6,3,Tidak,3.7725
M1332,76.9,0,15,Ya,12,5.9,4,Tidak,3.08
M1333,74.3,3,15,Tidak,0,8.5,7,Tidak,3.2675
M1334,88.7,2,7,Tidak,0,9.7,10,Tidak,3.8175
M1335,85.1,1,12,Tidak,0,7.2,2,Tidak,3.0875000000000004
M1336,78.1,2,12,Ya,38,4.8,2,Tidak,2.2775
M1337,93.9,4,10,Tidak,0,6.1,9,Ya,2.105
M1338,77.9,1,11,Ya,35,5.8,6,Tidak,2.37
M1339,80.3,0,11,Tidak,0,5.7,7,Tidak,2.675
M1340,80.2,4,11,Tidak,0,5.5,5,Tidak,3.495
M1341,70.7,2,10,Ya,25,4.1,5,Tidak,2.8325
M1342,80.8,3,7,Ya,26,8.0,4,Tidak,2.8425
M1343,94.0,3,6,Ya,39,7.7,8,Ya,2.5975
M1344,84.4,4,9,Ya,20,6.0,7,Tidak,3.525
M1345,80.3,0,14,Tidak,0,8.5,10,Tidak,2.9675
M1346,78.4,1,8,Ya,11,7.2,2,Tidak,2.5999999999999996
M1347,83.3,1,8,Tidak,0,3.8,2,Tidak,1.505
M1348,87.5,1,8,Tidak,0,5.3,6,Tidak,3.2024999999999997
M1349,86.1,1,8,Tidak,0,9.0,1,Tidak,1.9149999999999998
M1350,76.7,0,14,Ya,36,5.3,7,Tidak,2.7725
M1351,83.2,1,11,Tidak,0,4.6,8,Tidak,2.1125
M1352,84.8,1,12,Tidak,0,7.4,10,Tidak,1.8900000000000001
M1353,69.9,5,16,Tidak,0,5.4,8,Ya,3.155
M1354,81.7,1,13,Tidak,0,7.1,3,Tidak,3.4575
M1355,58.4,2,11,Ya,34,5.9,7,Ya,2.3925
M1356,84.8,2,9,Ya,18,4.4,1,Tidak,1.6999999999999997
M1357,86.6,2,7,Tidak,0,4.6,3,Tidak,2.3225000000000002
M1358,87.5,3,6,Tidak,0,2.6,6,Ya,2.3674999999999997
M1359,76.0,2,12,Tidak,0,3.8,9,Tidak,1.855
M1360,83.1,1,12,Tidak,0,7.3,5,Tidak,2.7775
M1361,94.2,1,10,Tidak,0,8.4,5,Tidak,2.465
M1362,94.1,2,8,Tidak,0,4.8,9,Tidak,2.7725
M1363,79.7,1,12,Ya,18,3.3,9,Tidak,2.545
M1364,81.4,3,9,Tidak,0,8.3,6,Tidak,1.8325
M1365,91.1,4,10,Ya,24,8.3,5,Tidak,3.2899999999999996
M1366,65.0,2,7,Tidak,0,7.4,10,Tidak,2.995
M1367,76.8,1,11,Tidak,0,3.1,2,Tidak,3.0050000000000003
M1368,93.4,0,13,Tidak,0,7.0,8,Tidak,2.2875
M1369,89.8,1,7,Tidak,0,7.1,8,Tidak,2.4975
M1370,83.7,1,9,Tidak,0,7.8,7,Tidak,2.5925
M1371,64.9,0,14,Tidak,0,6.3,8,Ya,2.5250000000000004
M1372,79.5,0,9,Tidak,0,4.5,3,Tidak,3.225
M1373,74.1,0,8,Tidak,0,5.2,3,Tidak,2.245
M1374,83.3,1,13,Tidak,0,8.4,2,Tidak,2.2424999999999997
M1375,71.9,3,7,Tidak,0,6.8,1,Tidak,3.265
M1376,69.7,1,10,Ya,33,3.4,3,Tidak,2.7249999999999996
M1377,59.4,1,8,Ya,13,9.4,3,Tidak,2.83
M1378,92.2,1,9,Ya,27,8.3,7,Tidak,2.8125
M1379,76.0,2,12,Tidak,0,9.3,10,Tidak,2.745
M1380,81.6,5,11,Tidak,0,8.3,9,Tidak,3.4899999999999998
M1381,80.0,2,12,Tidak,0,4.1,1,Tidak,3.6075
M1382,69.3,3,11,Tidak,0,6.7,8,Ya,2.765
M1383,67.4,3,15,Tidak,0,7.2,1,Tidak,3.7675
M1384,69.9,1,9,Ya,38,3.3,3,Tidak,2.9275
M1385,72.8,2,9,Ya,34,3.7,4,Tidak,3.525
M1386,83.7,1,4,Tidak,0,7.5,8,Tidak,2.8499999999999996
M1387,72.0,0,18,Tidak,0,7.6,1,Tidak,3.4525
M1388,97.5,1,10,Ya,35,10.7,2,Tidak,3.3925
M1389,90.3,5,7,Tidak,0,5.5,5,Tidak,2.8475
M1390,88.1,1,8,Tidak,0,2.6,6,Tidak,2.1875
M1391,78.8,2,7,Tidak,0,5.7,5,Tidak,2.6675
M1392,95.1,1,16,Ya,28,7.7,3,Tidak,2.3099999999999996
M1393,77.8,2,17,Tidak,0,5.3,10,Tidak,3.7125
M1394,79.7,5,12,Ya,13,6.2,7,Tidak,2.8500000000000005
M1395,81.7,0,16,Tidak,0,4.7,1,Tidak,2.8550000000000004
M1396,87.0,1,15,Tidak,0,8.4,2,Tidak,2.5575
M1397,86.4,2,6,Tidak,0,7.5,9,Tidak,2.3825
M1398,75.2,1,8,Tidak,0,4.4,4,Tidak,2.7675
M1399,74.7,3,12,Ya,24,5.0,8,Ya,3.5925000000000002
M1400,86.4,2,9,Ya,39,4.6,9,Tidak,2.5275
M1401,87.2,4,14,Tidak,0,2.3,7,Ya,2.165
M1402,76.1,2,9,Tidak,0,4.5,1,Tidak,3.1799999999999997
M1403,64.1,0,10,Ya,20,2.5,5,Tidak,3.5075
M1404,77.9,1,6,Tidak,0,7.9,6,Tidak,3.1374999999999997
M1405,86.2,2,14,Ya,32,8.0,8,Tidak,3.21
M1406,98.1,1,20,Ya,14,5.4,10,Tidak,1.975
M1407,68.0,3,5,Tidak,0,6.4,8,Ya,1.9825
M1408,75.7,1,14,Tidak,0,8.1,9,Tidak,3.77
M1409,76.1,4,13,Tidak,0,7.6,9,Ya,2.4175
M1410,93.6,2,6,Tidak,0,10.0,4,Tidak,3.3850000000000002
M1411,79.7,0,15,Tidak,0,6.5,6,Tidak,3.31
M1412,70.9,3,14,Tidak,0,8.9,3,Tidak,2.9175
M1413,85.6,0,13,Tidak,0,6.2,1,Tidak,3.3475
M1414,76.0,1,10,Tidak,0,5.8,6,Tidak,3.85
M1415,67.8,3,6,Ya,35,7.4,1,Ya,2.42
M1416,71.1,0,13,Tidak,0,7.1,9,Tidak,3.1925
M1417,97.3,4,12,Tidak,0,4.8,6,Tidak,3.0200000000000005
M1418,83.8,0,9,Tidak,0,4.4,1,Tidak,2.6125
M1419,81.1,4,7,Ya,39,6.1,3,Tidak,3.18
M1420,77.5,2,8,Ya,21,2.2,1,Ya,2.7375000000000003
M1421,82.9,2,8,Ya,28,5.4,2,Tidak,2.9074999999999998
M1422,82.8,2,9,Tidak,0,4.0,6,Tidak,3.1450000000000005
M1423,82.9,1,6,Tidak,0,4.8,7,Tidak,2.7725
M1424,81.1,1,5,Tidak,0,4.4,1,Tidak,2.54
M1425,88.7,0,11,Tidak,0,7.5,10,Tidak,1.8074999999999999
M1426,80.2,4,7,Tidak,0,6.9,5,Tidak,2.2
M1427,70.2,1,14,Tidak,0,6.1,6,Tidak,3.91
M1428,73.9,0,11,Ya,33,5.2,4,Tidak,2.4725
M1429,60.2,1,9,Ya,32,8.1,6,Tidak,2.6875
M1430,100.0,1,11,Tidak,0,7.8,5,Tidak,2.525
M1431,88.6,1,11,Ya,22,5.8,7,Tidak,2.9525
M1432,71.7,0,11,Tidak,0,8.7,4,Tidak,3.3075
M1433,77.2,1,7,Tidak,0,5.6,1,Tidak,3.4
M1434,73.6,2,10,Ya,35,6.4,2,Tidak,2.3675
M1435,95.4,3,4,Tidak,0,4.9,6,Tidak,3.3000000000000003
M1436,65.8,1,14,Tidak,0,5.2,10,Tidak,3.075
M1437,81.1,0,13,Ya,30,4.7,2,Tidak,2.7399999999999998
M1438,78.9,2,9,Tidak,0,7.4,5,Tidak,3.49
M1439,88.3,2,15,Tidak,0,6.8,4,Tidak,2.695
M1440,79.0,1,8,Tidak,0,3.9,7,Tidak,3.275
M1441,62.4,0,3,Tidak,0,7.1,4,Tidak,3.2024999999999997
M1442,77.5,1,10,Tidak,0,9.6,7,Tidak,3.3699999999999997
M1443,70.3,2,7,Tidak,0,4.7,8,Tidak,2.7975000000000003
M1444,80.8,0,11,Ya,27,4.6,7,Tidak,2.49
M1445,94.3,4,7,Tidak,0,6.0,2,Tidak,3.14
M1446,62.6,0,14,Tidak,0,8.8,1,Tidak,2.2925
M1447,72.0,4,12,Tidak,0,5.1,5,Tidak,2.375
M1448,74.5,3,5,Tidak,0,9.7,7,Tidak,3.1375
M1449,76.2,1,4,Ya,31,3.9,1,Tidak,3.4724999999999997
M1450,87.4,0,11,Tidak,0,6.4,8,Tidak,2.4899999999999998
M1451,78.3,1,10,Tidak,0,2.6,3,Tidak,2.745
M1452,84.2,1,12,Tidak,0,4.1,7,Tidak,3.4149999999999996
M1453,73.7,3,12,Tidak,0,5.6,3,Tidak,3.065
M1454,82.3,3,7,Tidak,0,6.5,4,Tidak,3.785
M1455,87.8,0,5,Tidak,0,8.5,8,Tidak,2.4850000000000003
M1456,72.7,1,13,Tidak,0,4.6,2,Tidak,2.515
M1457,87.8,2,8,Tidak,0,6.8,6,Tidak,3.2649999999999997
M1458,80.5,1,13,Tidak,0,3.3,10,Tidak,2.925
M1459,90.5,3,12,Tidak,0,8.0,9,Tidak,3.245
M1460,78.0,2,9,Tidak,0,8.6,10,Tidak,2.7475
M1461,83.8,2,11,Ya,22,8.1,9,Tidak,3.0625
M1462,79.6,0,10,Tidak,0,8.1,5,Tidak,2.715
M1463,79.0,1,15,Tidak,0,5.8,3,Tidak,2.8150000000000004
M1464,82.6,2,10,Tidak,0,6.6,6,Tidak,2.4050000000000002
M1465,85.4,1,4,Tidak,0,5.8,9,Tidak,2.41
M1466,67.5,1,13,Ya,31,5.9,6,Ya,2.7199999999999998
M1467,94.3,1,8,Ya,25,4.5,4,Tidak,3.56
M1468,61.4,6,18,Tidak,0,6.6,5,Tidak,3.0375
M1469,73.2,0,12,Tidak,0,6.8,7,Tidak,2.0125
M1470,79.1,0,9,Ya,24,8.0,10,Tidak,3.035
M1471,84.1,2,19,Tidak,0,6.8,3,Tidak,3.6475
M1472,95.8,5,15,Tidak,0,7.8,9,Tidak,2.5175
M1473,61.4,1,14,Tidak,0,4.5,1,Tidak,2.5975
M1474,74.9,1,9,Ya,21,8.8,8,Tidak,2.5900000000000003
M1475,58.7,3,8,Ya,38,5.5,5,Ya,2.2125
M1476,80.3,1,9,Tidak,0,1.9,10,Tidak,3.2025
M1477,82.7,0,7,Ya,21,5.2,9,Ya,2.765
M1478,95.9,1,10,Tidak,0,7.2,2,Tidak,2.5475
M1479,81.2,0,10,Ya,14,6.2,1,Tidak,2.6975000000000002
M1480,90.4,1,8,Tidak,0,2.1,10,Tidak,3.0325
M1481,85.8,3,13,Tidak,0,6.4,7,Tidak,3.37
M1482,75.6,1,10,Tidak,0,6.3,10,Tidak,2.1174999999999997
M1483,65.9,2,15,Ya,36,4.1,9,Ya,3.545
M1484,82.8,2,10,Tidak,0,7.1,5,Tidak,2.5675
M1485,65.1,2,11,Tidak,0,5.7,4,Tidak,2.3
M1486,93.0,1,5,Ya,29,2.1,4,Tidak,3.22
M1487,78.4,2,8,Tidak,0,7.4,8,Tidak,2.5475
M1488,92.0,1,10,Tidak,0,6.3,1,Tidak,2.17
M1489,75.2,0,9,Tidak,0,9.0,1,Tidak,1.7449999999999999
M1490,82.7,0,7,Ya,27,4.3,8,Tidak,3.0700000000000003
M1491,82.1,3,11,Ya,28,5.5,2,Ya,2.3649999999999998
M1492,79.5,2,7,Ya,15,8.1,10,Tidak,3.9274999999999998
M1493,75.7,1,13,Tidak,0,4.2,6,Tidak,2.5324999999999998
M1494,83.9,0,9,Tidak,0,8.1,2,Tidak,3.08
M1495,70.7,2,9,Tidak,0,8.1,5,Tidak,3.6675
M1496,67.9,1,9,Tidak,0,6.6,3,Tidak,3.7225
M1497,92.4,1,13,Ya,27,5.7,7,Tidak,3.9
M1498,87.3,1,10,Tidak,0,4.7,9,Tidak,3.4525
M1499,80.7,2,9,Ya,37,4.6,2,Tidak,2.735
M1500,96.7,3,10,Ya,14,6.6,7,Tidak,3.245
