ID,IPK_Sem1,IPK_Sem2,IPK_Sem3,IPK_Sem4,Kehadiran_Rata,Remedial_Total,Aktivitas_Online,Pekerjaan,Jam_Kerja_Mingguan,Pendapatan_OrangTua,Tanggungan_Keluarga,Risiko_DO
M0001,3.05,2.85,2.59,2.26,79.7,1,8,Tidak,0,8.4,6,Tidak
M0002,2.73,2.69,2.68,2.49,75.0,0,16,Tidak,0,6.2,7,Tidak
M0003,3.12,2.88,2.89,2.61,78.3,0,6,Tidak,0,6.1,10,Tidak
M0004,3.56,3.47,3.61,3.45,87.1,1,11,Tidak,0,7.3,8,Tidak
M0005,2.68,2.11,1.7,1.64,92.8,2,11,Tidak,0,6.3,9,Tidak
M0006,2.68,2.74,2.92,3.17,85.7,2,10,Tidak,0,6.6,6,Tidak
M0007,3.59,3.59,2.78,2.68,81.0,2,9,Tidak,0,6.5,8,Tidak
M0008,3.18,2.93,2.74,2.26,95.0,0,9,Tidak,0,5.7,2,Tidak
M0009,2.57,2.77,2.62,2.96,76.9,3,8,Ya,27,4.2,10,Ya
M0010,3.07,3.35,3.54,3.29,90.3,2,14,Tidak,0,9.5,8,Tidak
M0011,2.57,2.09,2.1,2.08,77.1,3,8,Tidak,0,4.2,2,Tidak
M0012,2.57,2.34,1.92,2.05,84.3,1,9,Tidak,0,9.3,8,Tidak
M0013,2.92,2.69,2.39,2.45,78.9,2,8,Tidak,0,6.7,2,Tidak
M0014,1.84,1.56,1.62,1.95,79.4,1,9,Tidak,0,4.8,3,Tidak
M0015,1.94,2.19,2.17,2.31,76.2,2,8,Tidak,0,7.1,7,Tidak
M0016,2.52,2.46,2.29,2.03,93.4,1,11,Tidak,0,7.6,9,Tidak
M0017,2.29,2.21,2.07,2.72,72.7,2,6,Tidak,0,9.4,3,Tidak
M0018,2.96,2.36,2.57,2.63,72.6,0,13,Ya,36,3.4,5,Tidak
M0019,2.35,2.54,2.38,2.34,100.0,0,11,Tidak,0,5.7,9,Tidak
M0020,2.09,1.72,1.69,1.98,89.8,2,8,Tidak,0,8.8,7,Tidak
M0021,3.53,3.55,4.0,4.0,56.1,0,13,Ya,23,7.5,2,Tidak
M0022,2.69,2.77,2.34,2.46,74.3,0,13,Tidak,0,7.0,5,Tidak
M0023,2.83,3.24,2.68,3.43,61.9,2,13,Tidak,0,9.0,5,Tidak
M0024,2.09,1.7,1.94,1.86,70.5,1,12,Tidak,0,5.6,9,Tidak
M0025,2.53,1.62,1.5,1.5,50.0,6,11,Tidak,0,1.2,2,Ya
M0026,2.86,2.92,2.82,2.85,78.6,1,8,Tidak,0,5.3,1,Tidak
M0027,2.22,2.76,2.53,2.85,68.6,1,11,Tidak,0,10.0,4,Tidak
M0028,2.99,3.36,3.28,2.83,80.6,0,8,Tidak,0,6.6,4,Tidak
M0029,2.5,2.56,3.04,2.45,63.7,1,10,Tidak,0,4.3,1,Tidak
M0030,2.65,2.5,2.74,2.56,80.8,1,11,Tidak,0,8.7,10,Tidak
M0031,2.5,2.74,3.0,2.51,75.9,4,16,Tidak,0,7.7,7,Tidak
M0032,3.73,3.44,3.02,2.89,95.0,0,10,Ya,18,6.3,2,Tidak
M0033,2.79,2.93,2.58,2.73,94.1,1,12,Ya,31,7.2,9,Tidak
M0034,2.27,2.42,1.57,1.5,87.9,0,8,Ya,17,4.0,7,Tidak
M0035,3.21,3.53,3.29,2.86,76.7,1,6,Tidak,0,5.3,7,Tidak
M0036,2.19,3.02,3.31,3.33,99.9,1,8,Tidak,0,5.9,1,Tidak
M0037,2.9,3.02,3.18,3.44,64.5,0,6,Ya,39,8.2,9,Ya
M0038,1.82,1.67,1.6,1.5,66.0,0,11,Ya,20,4.9,10,Ya
M0039,2.14,2.13,2.12,2.37,79.2,0,7,Tidak,0,5.9,9,Tidak
M0040,2.9,2.37,2.16,2.41,100.0,2,9,Tidak,0,8.9,2,Tidak
M0041,3.17,2.96,3.02,3.31,78.0,1,12,Ya,11,11.0,10,Tidak
M0042,2.89,2.77,3.0,3.37,78.2,1,6,Ya,21,4.3,9,Tidak
M0043,2.74,2.58,2.1,2.76,65.6,2,11,Ya,33,6.3,2,Tidak
M0044,2.65,2.7,2.79,2.68,89.5,4,7,Tidak,0,3.0,2,Tidak
M0045,2.06,1.81,2.09,2.12,89.5,2,10,Ya,28,6.0,8,Ya
M0046,2.44,2.78,2.66,2.54,87.9,0,7,Tidak,0,5.4,3,Tidak
M0047,2.57,2.57,2.78,2.78,73.7,1,9,Tidak,0,8.5,3,Tidak
M0048,3.33,3.33,4.0,4.0,72.9,1,7,Tidak,0,3.7,7,Tidak
M0049,2.97,2.87,2.84,2.44,67.1,4,8,Ya,31,3.4,10,Ya
M0050,1.92,1.97,2.09,1.83,80.8,0,10,Tidak,0,9.0,6,Tidak
M0051,2.96,3.21,2.99,3.4,69.2,1,12,Tidak,0,4.7,7,Tidak
M0052,2.61,2.35,2.4,2.71,68.2,1,6,Tidak,0,6.4,6,Tidak
M0053,2.46,2.26,2.4,2.29,75.8,2,4,Ya,16,6.6,9,Ya
M0054,3.11,3.02,3.08,3.34,75.1,1,8,Tidak,0,4.4,2,Tidak
M0055,3.32,2.92,2.61,2.71,74.6,5,9,Tidak,0,4.4,8,Tidak
M0056,3.27,3.02,3.08,3.53,84.7,2,8,Ya,34,8.3,6,Tidak
M0057,2.38,2.24,2.68,2.7,80.8,0,11,Tidak,0,7.4,4,Tidak
M0058,2.65,2.91,3.04,3.35,77.1,1,8,Tidak,0,6.0,6,Tidak
M0059,2.97,3.05,3.34,4.0,81.8,2,9,Tidak,0,5.7,6,Tidak
M0060,3.29,3.35,3.28,3.46,70.1,1,13,Ya,26,6.6,10,Tidak
M0061,2.56,2.82,3.04,3.05,81.1,1,11,Ya,15,6.8,3,Tidak
M0062,2.71,2.67,2.75,2.97,81.5,1,10,Tidak,0,8.5,8,Tidak
M0063,2.25,2.37,2.08,1.97,65.0,0,10,Tidak,0,6.0,5,Tidak
M0064,2.2,2.17,2.27,2.99,90.0,0,13,Tidak,0,6.9,10,Tidak
M0065,3.21,3.29,2.99,3.04,71.2,0,11,Tidak,0,7.4,4,Tidak
M0066,3.48,3.31,3.12,3.04,80.9,3,12,Tidak,0,7.5,2,Tidak
M0067,2.76,2.03,2.09,1.84,91.6,0,14,Tidak,0,8.9,10,Tidak
M0068,3.3,3.26,3.35,3.68,89.3,1,9,Ya,17,6.0,1,Tidak
M0069,2.98,3.41,3.05,3.31,80.3,2,9,Tidak,0,4.9,7,Tidak
M0070,2.48,2.76,3.08,2.93,76.4,1,16,Tidak,0,5.3,10,Tidak
M0071,2.98,3.27,3.44,3.61,89.5,1,9,Tidak,0,7.3,3,Tidak
M0072,3.57,3.94,3.73,3.28,86.7,1,10,Ya,16,5.8,3,Tidak
M0073,2.78,2.81,2.35,2.41,73.8,1,15,Ya,14,10.6,3,Tidak
M0074,3.58,3.64,3.6,3.74,72.1,1,7,Ya,39,6.0,10,Tidak
M0075,1.5,1.5,1.5,2.01,59.3,2,13,Tidak,0,4.1,3,Tidak
M0076,3.21,3.12,3.15,2.92,81.5,2,14,Tidak,0,6.6,2,Tidak
M0077,2.84,3.02,2.91,2.53,79.2,1,16,Ya,14,9.1,6,Tidak
M0078,2.65,3.01,2.41,2.14,91.4,1,11,Ya,38,4.4,10,Ya
M0079,2.85,2.81,2.69,2.29,83.6,2,13,Ya,21,4.3,3,Tidak
M0080,1.81,1.67,1.58,1.98,93.3,1,3,Tidak,0,5.6,1,Tidak
M0081,2.69,2.69,2.88,3.34,73.0,2,10,Ya,25,4.7,10,Tidak
M0082,2.98,3.16,2.95,3.05,91.4,1,6,Tidak,0,3.3,9,Tidak
M0083,3.54,3.11,3.61,3.98,74.7,3,13,Tidak,0,2.9,6,Tidak
M0084,2.54,1.85,1.5,1.54,87.8,2,14,Tidak,0,6.5,6,Tidak
M0085,2.4,2.23,2.62,2.59,65.4,1,9,Tidak,0,7.4,10,Tidak
M0086,2.55,2.18,2.11,2.01,82.4,2,11,Tidak,0,4.6,9,Tidak
M0087,3.26,3.11,3.37,3.28,60.2,4,8,Tidak,0,5.9,2,Tidak
M0088,2.96,2.92,2.94,2.48,77.3,0,11,Tidak,0,6.4,10,Tidak
M0089,2.54,2.4,2.74,2.82,84.4,3,8,Tidak,0,3.8,9,Tidak
M0090,3.06,3.5,3.38,3.37,74.8,1,10,Tidak,0,7.7,3,Tidak
M0091,2.85,2.95,2.62,2.84,69.5,3,9,Tidak,0,6.4,3,Tidak
M0092,3.28,3.37,3.8,3.83,88.5,0,13,Tidak,0,7.0,3,Tidak
M0093,2.45,2.64,2.61,2.56,79.0,0,16,Tidak,0,7.4,1,Tidak
M0094,2.64,2.3,2.37,2.11,75.1,1,18,Tidak,0,10.9,10,Tidak
M0095,2.6,2.91,3.28,3.3,80.4,4,9,Tidak,0,4.0,7,Tidak
M0096,2.07,2.05,1.74,1.96,100.0,2,9,Ya,25,4.2,10,Ya
M0097,2.95,3.15,3.33,2.99,91.5,3,6,Tidak,0,9.4,7,Tidak
M0098,2.93,2.61,2.43,2.46,91.6,2,11,Tidak,0,7.3,2,Tidak
M0099,2.8,2.33,2.29,2.36,84.4,4,12,Tidak,0,6.1,6,Tidak
M0100,2.68,2.93,2.95,2.73,81.7,5,7,Tidak,0,5.0,4,Tidak
M0101,2.09,2.2,1.75,1.57,56.0,2,7,Ya,31,5.5,7,Ya
M0102,2.59,2.32,2.09,2.16,73.2,1,13,Tidak,0,5.6,7,Tidak
M0103,2.63,2.37,2.78,2.44,75.2,2,6,Tidak,0,3.0,4,Tidak
M0104,2.4,2.74,3.01,3.11,61.3,2,7,Ya,26,7.9,3,Tidak
M0105,2.72,2.36,2.34,2.07,68.4,1,10,Tidak,0,2.0,7,Ya
M0106,3.0,3.49,3.56,3.88,60.2,3,14,Ya,21,4.3,9,Ya
M0107,3.74,3.47,3.38,4.0,79.6,2,10,Ya,25,5.1,4,Tidak
M0108,2.89,3.08,3.49,3.23,88.2,3,11,Ya,22,10.3,6,Tidak
M0109,2.93,2.83,2.77,2.93,91.1,0,12,Tidak,0,5.8,7,Tidak
M0110,2.76,2.94,3.01,2.79,84.1,1,13,Tidak,0,6.6,10,Tidak
M0111,1.84,1.68,2.02,2.33,70.4,1,9,Ya,34,4.2,3,Tidak
M0112,2.79,2.74,2.51,2.13,60.7,1,8,Tidak,0,7.7,5,Tidak
M0113,2.83,2.84,3.31,3.45,62.4,1,16,Ya,13,11.9,1,Tidak
M0114,4.0,3.7,3.24,2.98,67.3,0,6,Tidak,0,7.0,6,Tidak
M0115,2.7,2.92,3.41,3.35,71.1,1,12,Ya,40,5.3,5,Tidak
M0116,2.95,2.8,2.69,2.38,78.4,3,14,Ya,25,1.9,7,Ya
M0117,2.78,2.71,2.64,2.89,69.9,4,15,Ya,13,7.4,9,Ya
M0118,2.22,1.92,1.5,1.5,83.4,1,4,Tidak,0,4.0,4,Tidak
M0119,3.37,2.6,2.46,2.63,77.7,0,8,Tidak,0,4.5,9,Tidak
M0120,3.18,3.12,2.81,2.71,80.1,1,17,Tidak,0,7.9,6,Tidak
M0121,3.2,3.92,3.74,3.71,91.4,0,14,Ya,22,5.1,5,Tidak
M0122,2.35,2.59,2.55,2.59,68.2,1,12,Tidak,0,5.8,2,Tidak
M0123,3.5,3.49,3.78,3.55,84.2,2,11,Tidak,0,7.5,1,Tidak
M0124,2.1,2.02,2.08,2.14,79.9,3,17,Ya,22,4.6,8,Ya
M0125,3.09,3.1,3.19,3.65,76.7,2,12,Ya,23,3.4,6,Tidak
M0126,3.9,4.0,3.67,3.44,88.9,0,12,Ya,10,6.9,7,Tidak
M0127,2.3,1.95,1.69,2.04,88.8,0,14,Tidak,0,7.5,6,Tidak
M0128,2.52,2.85,3.39,3.84,70.5,1,6,Tidak,0,4.8,10,Tidak
M0129,2.85,3.06,2.84,2.6,78.2,1,16,Tidak,0,4.7,7,Tidak
M0130,2.55,2.77,3.27,2.83,82.8,4,12,Ya,37,3.8,9,Ya
M0131,2.02,2.15,2.08,2.17,77.3,1,9,Tidak,0,7.4,5,Tidak
M0132,2.83,2.84,2.84,2.68,85.9,2,9,Tidak,0,9.8,1,Tidak
M0133,2.27,2.47,2.79,3.35,82.8,0,13,Ya,33,7.9,1,Tidak
M0134,3.04,3.22,3.6,3.61,98.3,3,12,Tidak,0,5.8,9,Tidak
M0135,2.34,2.23,2.2,1.96,64.7,1,14,Tidak,0,7.4,5,Tidak
M0136,3.57,3.4,3.28,2.94,78.8,1,14,Ya,11,4.3,2,Tidak
M0137,2.41,2.44,2.42,2.75,70.9,2,9,Tidak,0,6.7,3,Tidak
M0138,2.64,3.1,3.2,3.03,86.0,3,12,Tidak,0,3.8,1,Tidak
M0139,3.21,2.84,3.11,3.12,63.8,0,10,Tidak,0,5.8,6,Tidak
M0140,2.18,1.74,1.74,2.03,83.5,3,9,Tidak,0,8.2,6,Tidak
M0141,2.91,2.96,3.15,3.0,73.7,4,7,Ya,18,7.6,3,Tidak
M0142,3.45,3.47,3.96,3.95,72.7,5,11,Tidak,0,7.1,3,Tidak
M0143,2.0,2.05,2.16,2.16,65.5,0,8,Tidak,0,6.8,7,Ya
M0144,2.89,2.96,3.05,3.25,75.3,0,10,Tidak,0,4.5,1,Tidak
M0145,2.93,2.86,2.4,2.58,90.8,0,17,Tidak,0,6.3,5,Tidak
M0146,3.19,3.64,2.85,2.78,79.7,0,11,Tidak,0,7.6,3,Tidak
M0147,2.18,1.7,1.82,1.84,86.3,1,11,Ya,12,5.5,5,Tidak
M0148,2.14,1.89,1.86,1.75,96.6,1,8,Ya,14,5.6,4,Tidak
M0149,3.06,3.03,2.88,2.44,82.6,0,6,Ya,24,5.1,6,Tidak
M0150,2.95,2.46,2.53,2.61,74.4,0,5,Ya,34,5.4,9,Tidak
M0151,2.93,2.88,2.86,3.43,84.7,2,10,Ya,29,4.5,2,Tidak
M0152,2.97,3.47,3.81,3.54,74.6,3,5,Tidak,0,6.0,10,Tidak
M0153,2.46,2.47,2.5,2.27,75.0,3,15,Tidak,0,5.4,8,Ya
M0154,2.92,2.99,2.77,2.51,64.8,0,11,Tidak,0,3.1,2,Tidak
M0155,2.95,2.57,2.87,3.09,89.3,4,7,Tidak,0,11.2,4,Tidak
M0156,2.44,2.26,2.19,2.32,76.1,2,12,Tidak,0,3.9,9,Tidak
M0157,3.73,3.62,3.78,3.73,81.8,1,9,Ya,33,5.7,4,Tidak
M0158,3.04,2.94,2.8,2.52,69.6,0,10,Tidak,0,6.1,7,Tidak
M0159,2.2,2.58,2.39,2.42,84.4,2,14,Tidak,0,4.9,5,Tidak
M0160,3.13,3.3,3.33,2.86,72.4,1,15,Ya,25,5.8,2,Tidak
M0161,2.31,1.98,1.98,2.02,78.6,2,8,Tidak,0,4.4,8,Tidak
M0162,3.19,3.26,3.4,3.66,88.8,3,8,Ya,12,7.5,10,Tidak
M0163,3.38,3.53,3.45,3.07,87.9,2,9,Ya,18,6.0,10,Tidak
M0164,2.39,2.73,2.18,1.72,79.8,4,8,Ya,11,7.4,2,Tidak
M0165,3.28,3.75,3.62,4.0,62.3,2,12,Tidak,0,8.9,3,Tidak
M0166,3.01,2.71,2.95,2.77,100.0,0,15,Tidak,0,5.4,10,Tidak
M0167,3.21,2.97,2.88,3.22,97.5,2,6,Tidak,0,7.5,7,Tidak
M0168,3.75,3.37,3.3,3.25,87.2,0,9,Tidak,0,9.1,5,Tidak
M0169,2.68,2.61,2.91,2.86,72.5,3,13,Ya,30,5.8,10,Ya
M0170,2.42,2.56,2.35,2.48,78.9,0,11,Tidak,0,7.4,3,Tidak
M0171,2.36,2.66,2.2,1.93,74.6,1,8,Tidak,0,5.1,2,Tidak
M0172,2.39,2.37,2.32,2.36,92.6,0,16,Ya,28,8.4,6,Tidak
M0173,2.76,2.66,2.51,2.4,82.6,2,5,Tidak,0,5.0,10,Tidak
M0174,2.97,3.02,2.73,2.33,72.2,0,15,Ya,30,7.4,1,Tidak
M0175,2.94,2.69,2.64,2.74,75.3,1,9,Ya,13,8.0,8,Tidak
M0176,3.21,3.84,3.99,3.91,91.2,0,8,Tidak,0,3.6,5,Tidak
M0177,2.81,2.33,2.33,2.28,96.0,1,5,Tidak,0,4.7,5,Tidak
M0178,3.53,3.59,3.68,3.32,95.3,3,7,Tidak,0,4.6,2,Tidak
M0179,2.67,3.28,3.82,4.0,87.6,2,5,Tidak,0,8.2,7,Tidak
M0180,4.0,4.0,3.9,4.0,77.5,0,13,Tidak,0,3.6,5,Tidak
M0181,3.11,3.05,3.13,3.42,50.0,1,15,Tidak,0,6.7,8,Tidak
M0182,2.37,2.26,2.11,2.02,83.0,2,12,Tidak,0,7.5,5,Tidak
M0183,2.26,2.21,1.96,1.5,80.0,1,7,Tidak,0,6.3,9,Tidak
M0184,3.04,3.45,3.27,3.86,81.4,1,11,Tidak,0,8.5,5,Tidak
M0185,2.69,2.03,1.89,1.87,80.5,1,9,Tidak,0,2.2,3,Tidak
M0186,3.16,3.62,3.73,3.51,66.7,0,13,Tidak,0,7.2,2,Tidak
M0187,3.04,2.61,3.31,3.44,85.6,1,8,Tidak,0,5.6,5,Tidak
M0188,2.76,2.68,2.47,2.82,86.3,0,12,Tidak,0,3.0,10,Tidak
M0189,2.38,2.25,2.13,2.12,86.8,0,13,Tidak,0,3.8,10,Tidak
M0190,2.04,2.22,2.2,2.58,89.5,2,7,Ya,27,9.1,5,Tidak
M0191,2.58,2.1,2.22,2.54,86.0,1,11,Tidak,0,7.3,6,Tidak
M0192,3.23,3.37,3.45,3.13,75.9,2,8,Tidak,0,7.6,2,Tidak
M0193,2.91,3.52,3.91,3.71,79.3,2,3,Tidak,0,7.9,5,Tidak
M0194,2.18,1.77,1.5,1.79,80.9,1,12,Tidak,0,3.3,1,Tidak
M0195,2.89,2.95,2.23,1.5,81.1,2,14,Ya,16,6.5,3,Tidak
M0196,2.99,2.79,2.64,2.6,90.0,0,10,Tidak,0,8.2,3,Tidak
M0197,2.36,2.49,2.82,2.39,86.4,0,7,Ya,10,5.2,3,Tidak
M0198,2.88,2.89,2.42,2.28,100.0,5,11,Tidak,0,8.7,3,Tidak
M0199,2.83,2.64,1.74,1.65,100.0,0,8,Tidak,0,4.8,8,Tidak
M0200,2.23,2.38,2.55,2.44,80.8,0,12,Tidak,0,6.2,1,Tidak
M0201,2.98,3.52,3.59,3.42,50.0,1,6,Tidak,0,6.8,6,Tidak
M0202,3.08,3.02,2.69,2.36,92.4,0,8,Tidak,0,7.5,6,Tidak
M0203,3.34,3.56,3.26,3.95,74.6,0,9,Ya,17,5.4,1,Tidak
M0204,3.33,2.94,2.65,3.21,72.0,0,5,Ya,37,8.0,1,Tidak
M0205,2.11,1.82,1.85,1.5,76.0,1,12,Tidak,0,6.9,3,Tidak
M0206,2.33,2.47,2.28,2.75,75.5,2,11,Ya,21,2.7,8,Ya
M0207,3.06,3.51,3.66,3.54,86.1,0,7,Ya,35,9.7,6,Tidak
M0208,3.06,3.17,2.31,2.35,64.4,1,10,Tidak,0,4.1,4,Tidak
M0209,3.06,2.97,2.71,2.69,69.2,1,5,Tidak,0,9.8,5,Tidak
M0210,4.0,4.0,3.66,3.46,83.4,2,8,Tidak,0,5.7,10,Tidak
M0211,3.09,2.71,2.63,2.93,86.2,1,8,Ya,17,5.3,3,Tidak
M0212,3.37,3.55,3.39,3.43,86.4,1,8,Ya,17,6.8,6,Tidak
M0213,3.28,3.54,3.78,3.64,72.1,3,16,Tidak,0,4.6,6,Tidak
M0214,3.13,2.99,2.43,2.04,70.2,1,13,Tidak,0,2.2,6,Tidak
M0215,2.64,2.5,2.51,2.24,74.9,0,10,Tidak,0,5.8,9,Tidak
M0216,3.18,3.26,3.43,2.94,82.4,0,11,Ya,13,6.8,10,Tidak
M0217,2.41,2.28,2.84,2.84,94.9,0,9,Ya,34,9.1,8,Tidak
M0218,2.68,2.66,2.52,2.16,59.5,2,12,Ya,34,3.6,6,Ya
M0219,2.56,3.19,3.29,3.21,77.8,5,8,Tidak,0,7.2,2,Tidak
M0220,2.84,2.77,2.23,2.64,66.7,4,8,Ya,40,5.8,4,Ya
M0221,3.96,3.85,3.13,3.49,63.5,1,10,Tidak,0,6.1,6,Tidak
M0222,1.87,1.68,1.93,1.92,89.7,0,10,Ya,27,7.9,9,Ya
M0223,3.14,3.36,3.36,3.33,85.4,3,9,Tidak,0,5.0,2,Tidak
M0224,1.99,1.94,2.29,2.85,84.5,3,10,Ya,34,6.3,6,Tidak
M0225,2.56,2.37,1.96,2.12,89.2,2,12,Tidak,0,8.2,10,Tidak
M0226,3.34,3.74,3.9,3.8,75.2,0,18,Ya,29,8.1,10,Tidak
M0227,2.83,3.26,3.82,3.39,75.7,1,12,Tidak,0,3.6,10,Tidak
M0228,2.26,2.08,2.21,2.33,100.0,1,7,Tidak,0,4.8,7,Tidak
M0229,2.44,1.88,1.96,2.21,77.5,2,14,Ya,21,5.7,8,Ya
M0230,3.14,3.44,3.44,3.25,87.4,4,11,Tidak,0,7.6,9,Tidak
M0231,2.43,2.22,1.75,1.84,80.1,1,12,Tidak,0,5.5,5,Tidak
M0232,2.91,3.15,3.56,3.45,61.5,1,8,Tidak,0,6.2,9,Tidak
M0233,2.82,2.23,2.05,1.99,59.6,1,14,Tidak,0,8.5,9,Ya
M0234,2.47,2.74,2.89,2.14,74.2,2,13,Tidak,0,5.3,7,Tidak
M0235,3.87,3.51,3.04,2.97,90.6,2,6,Ya,39,8.9,2,Tidak
M0236,3.12,3.34,2.99,3.28,87.9,3,7,Ya,19,2.8,8,Ya
M0237,1.79,1.79,2.22,2.03,89.1,0,8,Tidak,0,5.2,5,Tidak
M0238,2.89,2.6,2.5,2.52,70.1,0,6,Tidak,0,3.3,8,Tidak
M0239,2.47,2.35,2.79,2.56,96.2,3,10,Ya,20,6.2,2,Tidak
M0240,3.23,3.44,3.42,3.53,70.4,0,9,Tidak,0,7.5,7,Tidak
M0241,2.4,2.43,1.88,1.82,82.1,2,7,Ya,36,5.7,5,Tidak
M0242,2.74,2.92,3.19,2.91,79.9,1,10,Tidak,0,5.1,4,Tidak
M0243,3.05,3.64,3.46,3.86,78.3,1,10,Tidak,0,3.3,10,Tidak
M0244,3.23,2.76,2.97,3.25,93.4,1,13,Tidak,0,9.4,6,Tidak
M0245,2.2,2.69,2.7,2.52,72.9,1,8,Ya,22,6.0,5,Tidak
M0246,2.63,2.66,2.2,2.35,66.5,0,16,Tidak,0,5.1,6,Tidak
M0247,2.56,2.29,2.34,2.5,80.2,2,11,Tidak,0,9.1,9,Tidak
M0248,2.47,2.07,2.73,2.92,76.0,3,10,Tidak,0,5.3,1,Tidak
M0249,3.68,3.62,3.77,3.26,100.0,3,6,Ya,24,4.2,1,Tidak
M0250,3.0,3.28,3.26,3.56,86.8,1,11,Tidak,0,4.6,6,Tidak
M0251,2.17,2.13,2.45,2.28,75.9,2,5,Tidak,0,4.3,2,Tidak
M0252,3.26,3.71,3.77,3.66,69.4,2,8,Tidak,0,3.9,8,Tidak
M0253,3.86,3.42,3.48,4.0,61.2,2,12,Tidak,0,4.6,7,Tidak
M0254,3.32,3.32,2.99,3.08,69.7,1,17,Tidak,0,10.8,6,Tidak
M0255,2.04,1.66,1.73,1.61,81.1,3,11,Ya,30,3.7,4,Ya
M0256,2.56,2.67,2.98,2.32,94.3,1,11,Tidak,0,3.0,9,Tidak
M0257,3.43,3.7,3.45,3.87,91.2,1,10,Tidak,0,6.6,7,Tidak
M0258,2.45,2.32,2.75,2.35,82.3,1,13,Tidak,0,5.8,7,Tidak
M0259,3.02,2.24,2.21,1.91,76.8,1,12,Tidak,0,7.3,5,Tidak
M0260,3.19,3.25,2.98,2.88,82.7,3,17,Ya,16,4.9,1,Tidak
M0261,2.34,2.47,2.77,3.19,74.8,1,10,Tidak,0,4.3,2,Tidak
M0262,2.77,2.89,2.8,3.03,97.2,3,11,Tidak,0,9.3,8,Tidak
M0263,1.5,1.87,2.1,2.05,78.1,4,8,Tidak,0,2.8,5,Ya
M0264,2.29,1.97,1.88,1.97,79.1,1,11,Tidak,0,6.7,2,Tidak
M0265,2.67,2.87,2.85,2.67,57.8,2,14,Tidak,0,7.4,5,Tidak
M0266,2.18,2.54,2.69,2.73,78.0,0,11,Tidak,0,7.6,8,Tidak
M0267,3.62,3.09,3.18,3.2,88.4,3,15,Tidak,0,5.4,4,Tidak
M0268,2.08,2.18,1.58,1.87,69.3,1,18,Tidak,0,3.5,3,Tidak
M0269,2.58,2.43,2.09,2.38,72.5,2,5,Tidak,0,9.0,5,Tidak
M0270,2.87,2.85,3.13,3.28,87.9,1,12,Tidak,0,5.1,7,Tidak
M0271,3.52,3.62,3.58,3.47,65.2,2,9,Ya,33,9.1,2,Tidak
M0272,2.08,1.93,1.77,1.99,90.6,1,9,Tidak,0,6.7,1,Tidak
M0273,3.38,3.18,2.77,2.74,74.7,4,12,Tidak,0,5.0,5,Tidak
M0274,2.81,2.82,2.5,2.18,76.1,1,11,Tidak,0,6.8,7,Tidak
M0275,2.31,1.98,1.5,1.5,68.8,1,13,Tidak,0,8.3,8,Ya
M0276,3.03,2.7,2.67,2.7,83.8,1,7,Ya,24,6.2,8,Tidak
M0277,2.9,3.1,2.92,3.19,100.0,2,6,Tidak,0,4.5,10,Tidak
M0278,2.5,2.16,1.87,1.81,87.8,0,9,Ya,29,2.4,9,Ya
M0279,2.83,3.03,3.01,2.65,71.4,1,9,Ya,28,5.2,1,Tidak
M0280,2.61,2.75,2.86,2.88,91.4,2,11,Tidak,0,7.6,7,Tidak
M0281,2.86,2.34,2.97,3.0,76.8,1,7,Tidak,0,4.0,10,Tidak
M0282,3.13,2.93,2.48,2.54,93.7,1,12,Tidak,0,7.4,8,Tidak
M0283,3.59,3.95,4.0,4.0,88.1,3,10,Ya,34,6.1,6,Tidak
M0284,2.18,1.89,2.18,2.49,50.6,1,13,Tidak,0,7.5,10,Ya
M0285,3.87,3.73,3.5,3.32,70.0,1,6,Tidak,0,1.3,4,Tidak
M0286,1.82,1.96,2.02,1.84,89.4,1,13,Ya,25,3.2,7,Ya
M0287,2.72,2.96,2.82,2.51,81.5,4,5,Tidak,0,5.1,3,Tidak
M0288,3.09,3.01,3.07,3.28,69.8,0,7,Ya,34,9.7,2,Tidak
M0289,2.94,2.76,3.21,3.64,73.7,2,14,Tidak,0,4.5,6,Tidak
M0290,2.49,2.92,3.1,3.01,60.9,4,9,Tidak,0,5.7,2,Tidak
M0291,2.7,3.22,3.37,3.3,79.1,0,11,Tidak,0,10.3,6,Tidak
M0292,2.55,2.84,2.71,3.15,100.0,2,8,Tidak,0,6.9,10,Tidak
M0293,2.51,2.54,2.09,2.24,88.0,1,11,Tidak,0,7.7,3,Tidak
M0294,3.22,2.98,2.92,3.05,100.0,0,12,Tidak,0,4.7,2,Tidak
M0295,2.98,2.73,3.09,2.73,88.8,1,10,Tidak,0,8.4,8,Tidak
M0296,2.45,2.61,2.15,2.35,90.3,0,8,Tidak,0,8.7,4,Tidak
M0297,3.25,3.38,3.06,2.78,99.7,1,9,Tidak,0,7.0,4,Tidak
M0298,2.95,3.37,3.41,3.07,83.8,1,6,Tidak,0,5.8,7,Tidak
M0299,3.21,3.41,3.11,3.01,78.1,0,11,Ya,14,7.1,8,Tidak
M0300,3.11,2.66,2.42,2.24,90.3,2,5,Ya,24,2.7,9,Ya
M0301,2.39,2.71,2.58,2.51,94.5,0,6,Tidak,0,8.2,10,Tidak
M0302,2.52,2.22,1.81,1.5,75.2,3,9,Ya,37,4.3,8,Ya
M0303,3.17,3.05,2.76,3.05,72.8,1,9,Tidak,0,5.4,4,Tidak
M0304,3.11,3.19,3.4,3.74,81.4,2,13,Tidak,0,8.6,2,Tidak
M0305,2.79,3.39,3.0,2.42,88.3,1,10,Tidak,0,8.2,10,Tidak
M0306,2.86,3.79,3.31,3.6,88.0,0,9,Tidak,0,2.8,5,Tidak
M0307,3.44,3.62,3.43,3.19,65.8,0,10,Tidak,0,4.1,7,Tidak
M0308,2.5,2.45,2.67,2.93,99.1,0,9,Ya,11,7.3,2,Tidak
M0309,3.07,3.23,3.17,3.15,73.6,2,9,Tidak,0,2.5,4,Tidak
M0310,2.7,2.97,2.83,2.84,77.3,4,8,Tidak,0,8.8,6,Tidak
M0311,2.69,2.59,2.6,2.54,71.0,4,8,Ya,14,6.2,8,Tidak
M0312,3.35,3.89,3.37,3.73,100.0,1,17,Ya,14,8.8,10,Tidak
M0313,3.21,3.28,3.43,3.06,82.4,1,15,Ya,37,4.5,6,Tidak
M0314,3.21,3.36,3.48,3.66,71.5,2,7,Ya,18,4.7,6,Tidak
M0315,3.45,3.65,3.53,3.86,88.6,2,12,Ya,23,8.1,6,Tidak
M0316,2.81,2.94,3.24,3.45,87.7,3,7,Tidak,0,5.4,4,Tidak
M0317,3.14,3.39,3.05,3.75,78.1,3,8,Tidak,0,3.5,3,Tidak
M0318,2.64,2.45,2.79,2.63,88.4,2,10,Tidak,0,7.1,1,Tidak
M0319,2.96,2.79,2.84,3.13,71.7,1,15,Ya,35,2.8,2,Tidak
M0320,2.73,2.4,2.3,2.27,75.1,3,12,Tidak,0,8.9,2,Tidak
M0321,2.85,2.98,2.97,3.34,59.9,2,18,Tidak,0,6.4,10,Tidak
M0322,3.1,3.33,3.3,3.3,66.8,0,11,Tidak,0,4.2,7,Tidak
M0323,2.39,2.53,2.9,2.78,98.1,3,12,Tidak,0,8.3,6,Tidak
M0324,3.85,4.0,3.68,4.0,96.4,2,9,Tidak,0,8.3,8,Tidak
M0325,2.3,2.3,2.07,1.92,80.7,3,14,Tidak,0,6.0,9,Ya
M0326,2.19,2.39,2.7,2.28,96.6,1,10,Tidak,0,10.6,5,Tidak
M0327,3.38,3.05,2.87,2.71,78.4,1,11,Ya,17,10.5,3,Tidak
M0328,3.2,3.08,3.35,3.54,77.6,1,11,Tidak,0,6.6,4,Tidak
M0329,3.11,3.32,3.83,4.0,80.6,0,9,Tidak,0,8.1,8,Tidak
M0330,3.11,3.36,3.24,3.27,78.8,0,14,Ya,30,8.6,3,Tidak
M0331,2.79,2.7,2.9,3.3,77.8,3,10,Tidak,0,3.7,2,Tidak
M0332,2.35,2.33,1.98,1.57,91.4,0,8,Tidak,0,6.6,7,Tidak
M0333,2.84,2.38,2.61,2.48,81.5,1,12,Tidak,0,4.6,4,Tidak
M0334,2.46,2.35,2.41,2.32,87.1,4,12,Ya,29,4.4,8,Ya
M0335,3.29,3.56,3.7,3.67,90.3,2,10,Ya,26,6.2,1,Tidak
M0336,2.73,2.9,2.71,2.74,83.9,1,8,Tidak,0,6.4,8,Tidak
M0337,2.39,2.54,2.04,2.25,70.3,3,12,Tidak,0,2.8,5,Ya
M0338,2.64,2.65,2.8,2.67,66.5,2,13,Tidak,0,6.7,2,Tidak
M0339,3.01,3.01,2.39,2.43,81.5,1,7,Tidak,0,5.5,1,Tidak
M0340,2.52,2.32,2.22,2.21,78.3,0,7,Tidak,0,8.8,6,Tidak
M0341,2.39,2.6,2.88,2.6,80.9,0,7,Tidak,0,8.3,9,Tidak
M0342,2.92,3.05,3.11,3.08,79.8,3,16,Tidak,0,4.3,9,Tidak
M0343,2.92,3.07,3.65,3.61,100.0,3,8,Tidak,0,8.6,9,Tidak
M0344,2.55,2.39,2.7,2.65,66.7,1,10,Tidak,0,7.1,4,Tidak
M0345,2.56,1.91,1.71,1.72,60.1,3,11,Ya,23,5.6,6,Ya
M0346,2.92,3.25,3.26,3.28,83.3,1,11,Tidak,0,5.0,10,Tidak
M0347,2.08,1.94,1.93,1.8,76.2,1,7,Tidak,0,3.7,6,Tidak
M0348,2.1,1.84,1.5,1.88,83.2,4,9,Tidak,0,3.6,5,Tidak
M0349,2.44,2.65,2.37,2.02,85.8,1,11,Tidak,0,2.3,2,Tidak
M0350,2.69,2.57,2.4,2.18,92.8,2,15,Tidak,0,6.0,7,Tidak
M0351,2.96,3.28,2.67,3.5,64.9,1,7,Tidak,0,1.9,1,Tidak
M0352,3.54,3.73,3.74,3.43,74.4,1,11,Tidak,0,4.3,6,Tidak
M0353,3.23,3.44,3.37,2.96,84.3,2,12,Tidak,0,7.3,5,Tidak
M0354,2.72,2.31,1.81,2.03,87.7,2,8,Ya,29,9.0,5,Tidak
M0355,2.79,3.15,3.27,2.65,100.0,1,12,Ya,36,3.7,8,Tidak
M0356,2.3,2.38,2.59,2.52,89.6,2,10,Tidak,0,7.2,9,Tidak
M0357,2.79,2.68,2.75,3.39,79.4,1,10,Tidak,0,5.4,7,Tidak
M0358,2.66,2.7,2.6,2.14,71.1,1,13,Tidak,0,5.0,10,Tidak
M0359,2.96,2.43,2.61,2.02,74.4,1,9,Tidak,0,6.3,8,Tidak
M0360,2.39,2.51,2.71,2.26,74.1,2,10,Ya,40,4.7,2,Tidak
M0361,3.06,2.75,2.84,3.11,86.6,1,10,Tidak,0,5.8,2,Tidak
M0362,3.57,3.16,2.91,3.25,82.6,1,12,Tidak,0,6.1,8,Tidak
M0363,2.75,2.29,2.37,2.22,66.8,1,11,Ya,20,8.3,6,Tidak
M0364,3.0,3.33,3.69,3.89,75.6,2,13,Ya,35,8.8,8,Tidak
M0365,3.15,2.96,2.78,3.2,88.8,1,18,Tidak,0,4.8,9,Tidak
M0366,2.6,3.06,3.69,4.0,83.5,2,16,Tidak,0,5.5,9,Tidak
M0367,2.91,2.75,2.59,2.52,85.7,0,10,Ya,33,7.6,6,Tidak
M0368,2.81,2.3,2.31,1.62,83.8,3,10,Tidak,0,5.6,8,Ya
M0369,2.85,2.52,2.32,2.07,96.3,1,19,Tidak,0,7.4,2,Tidak
M0370,2.41,2.78,2.85,2.72,82.4,2,14,Tidak,0,7.8,8,Tidak
M0371,2.81,2.76,2.24,2.16,76.1,0,13,Tidak,0,8.0,3,Tidak
M0372,3.05,2.89,2.73,2.67,70.8,0,12,Tidak,0,6.2,1,Tidak
M0373,3.53,3.58,3.25,3.59,82.5,2,5,Ya,39,3.7,7,Tidak
M0374,3.28,3.43,3.47,3.85,55.6,1,6,Ya,40,5.7,1,Tidak
M0375,3.88,4.0,4.0,3.95,78.2,0,9,Tidak,0,5.0,1,Tidak
M0376,2.42,2.85,3.04,3.37,77.9,1,12,Tidak,0,7.6,1,Tidak
M0377,3.24,3.13,2.42,2.53,66.4,3,10,Tidak,0,9.1,4,Tidak
M0378,2.89,2.49,3.1,3.12,70.7,2,9,Tidak,0,9.1,4,Tidak
M0379,3.89,3.77,3.86,4.0,88.1,0,8,Tidak,0,7.8,10,Tidak
M0380,2.4,2.48,2.25,2.27,82.3,1,12,Ya,39,4.1,6,Tidak
M0381,2.38,2.09,2.14,2.76,81.0,0,14,Tidak,0,8.8,10,Tidak
M0382,2.5,2.21,2.26,1.83,83.1,2,12,Ya,27,6.9,3,Tidak
M0383,1.74,1.84,1.64,1.5,80.9,0,9,Tidak,0,4.4,10,Tidak
M0384,2.54,2.53,2.59,2.55,92.4,2,10,Ya,37,7.7,6,Tidak
M0385,2.42,2.43,2.25,2.38,81.2,2,13,Ya,20,5.6,7,Tidak
M0386,2.88,2.65,2.53,2.91,65.4,1,12,Ya,12,2.1,1,Tidak
M0387,2.97,2.9,2.69,2.68,96.3,2,15,Tidak,0,4.0,6,Tidak
M0388,3.74,3.46,3.03,2.6,83.7,1,13,Ya,32,5.9,10,Tidak
M0389,3.28,3.55,3.59,3.84,74.1,0,8,Tidak,0,5.8,1,Tidak
M0390,2.51,2.82,3.0,3.23,67.5,1,5,Tidak,0,3.9,7,Tidak
M0391,2.35,1.8,1.95,1.5,84.0,3,10,Tidak,0,7.5,10,Ya
M0392,3.05,2.77,3.02,3.02,78.8,1,14,Tidak,0,7.0,5,Tidak
M0393,2.14,1.69,1.79,1.5,95.7,2,16,Tidak,0,3.1,10,Tidak
M0394,3.72,3.52,3.36,3.16,76.5,0,15,Tidak,0,11.3,4,Tidak
M0395,3.39,3.36,3.61,3.34,71.6,0,8,Tidak,0,3.6,1,Tidak
M0396,2.57,2.14,1.73,1.97,89.0,4,9,Tidak,0,5.1,9,Ya
M0397,1.94,1.66,1.5,1.54,89.3,2,8,Tidak,0,6.8,7,Tidak
M0398,3.48,3.18,2.89,2.5,81.7,2,15,Tidak,0,5.1,2,Tidak
M0399,2.74,2.8,3.12,3.38,86.8,3,9,Tidak,0,8.9,4,Tidak
M0400,3.42,3.44,3.72,3.29,79.6,2,13,Tidak,0,5.6,4,Tidak
M0401,2.0,1.78,1.93,2.03,82.3,1,10,Tidak,0,4.2,8,Tidak
M0402,2.5,2.55,2.87,2.63,91.6,3,6,Tidak,0,7.2,2,Tidak
M0403,2.8,2.64,2.38,2.27,86.3,1,7,Ya,31,1.0,5,Ya
M0404,2.82,2.74,2.84,2.99,78.3,0,8,Ya,21,7.1,10,Tidak
M0405,2.57,3.07,3.03,3.19,93.5,1,12,Tidak,0,8.6,8,Tidak
M0406,3.11,3.51,3.76,4.0,56.4,2,7,Tidak,0,1.4,6,Tidak
M0407,2.27,1.88,1.85,1.83,100.0,2,13,Ya,37,5.2,4,Tidak
M0408,2.73,2.98,2.86,2.95,62.9,2,8,Tidak,0,2.7,5,Tidak
M0409,2.86,3.1,3.26,3.13,73.7,0,14,Tidak,0,6.0,2,Tidak
M0410,3.06,2.72,2.98,3.03,79.6,0,11,Tidak,0,10.5,5,Tidak
M0411,3.16,3.41,3.21,3.34,78.5,2,12,Tidak,0,6.5,3,Tidak
M0412,2.24,2.7,2.68,2.65,90.1,2,13,Tidak,0,5.6,3,Tidak
M0413,2.03,1.69,1.5,1.5,69.4,3,7,Tidak,0,1.0,7,Ya
M0414,3.44,3.16,2.41,2.51,82.6,2,11,Tidak,0,3.8,3,Tidak
M0415,2.97,3.28,3.34,3.45,74.2,2,9,Tidak,0,5.7,4,Tidak
M0416,2.43,2.51,2.69,2.49,83.0,2,19,Tidak,0,6.2,7,Tidak
M0417,3.58,3.75,3.83,3.44,79.4,1,11,Tidak,0,6.7,3,Tidak
M0418,2.86,2.96,2.38,2.82,80.9,1,14,Tidak,0,7.5,10,Tidak
M0419,3.39,3.51,3.4,3.55,74.5,2,9,Ya,33,4.2,10,Tidak
M0420,2.83,2.43,1.76,1.69,74.9,0,7,Ya,23,6.1,2,Tidak
M0421,3.83,4.0,4.0,3.66,82.9,4,13,Tidak,0,5.0,10,Tidak
M0422,3.68,4.0,3.67,3.42,89.4,0,18,Tidak,0,4.1,7,Tidak
M0423,2.68,2.61,2.99,3.38,74.0,1,4,Tidak,0,4.3,5,Tidak
M0424,3.29,3.28,3.56,3.6,71.3,3,5,Tidak,0,7.1,1,Tidak
M0425,3.12,2.66,2.39,2.22,86.1,1,6,Tidak,0,1.0,10,Ya
M0426,3.48,3.63,3.29,3.44,79.7,0,8,Ya,36,2.3,8,Ya
M0427,2.32,2.49,2.6,2.36,88.3,0,11,Tidak,0,12.3,3,Tidak
M0428,3.14,3.12,2.87,3.32,70.9,2,10,Tidak,0,4.7,7,Tidak
M0429,3.33,3.67,3.7,4.0,62.2,0,14,Tidak,0,8.9,6,Tidak
M0430,1.92,1.82,1.68,1.54,74.7,2,15,Ya,22,5.9,10,Ya
M0431,2.21,2.38,1.85,1.66,72.3,0,11,Tidak,0,4.9,6,Tidak
M0432,1.78,1.5,1.5,1.5,79.2,4,3,Tidak,0,7.3,8,Ya
M0433,2.67,2.66,2.73,2.29,73.6,0,9,Tidak,0,6.2,4,Tidak
M0434,3.16,3.11,2.94,2.54,87.4,1,13,Tidak,0,5.6,4,Tidak
M0435,3.55,3.62,3.45,3.49,77.1,3,9,Ya,20,5.9,3,Tidak
M0436,2.84,2.73,2.94,2.84,81.5,2,11,Tidak,0,6.8,1,Tidak
M0437,3.61,3.57,3.92,3.52,81.6,2,6,Tidak,0,4.6,10,Tidak
M0438,2.11,2.36,2.28,2.2,81.9,2,7,Tidak,0,5.0,3,Tidak
M0439,1.95,1.82,1.72,1.87,79.8,2,13,Tidak,0,4.0,1,Tidak
M0440,2.77,2.29,2.44,2.6,85.1,1,9,Tidak,0,3.6,6,Tidak
M0441,2.99,3.51,3.1,2.53,72.0,0,8,Tidak,0,9.7,8,Tidak
M0442,2.78,3.19,3.26,3.22,94.0,1,15,Tidak,0,4.2,3,Tidak
M0443,1.77,1.5,1.67,1.5,77.6,1,5,Ya,40,8.0,4,Tidak
M0444,2.76,2.97,3.17,3.44,66.9,1,9,Tidak,0,5.3,5,Tidak
M0445,2.15,2.0,1.5,1.74,81.9,1,8,Tidak,0,7.1,7,Tidak
M0446,3.13,3.21,2.98,2.71,71.5,1,12,Ya,36,6.0,6,Tidak
M0447,2.98,3.07,2.81,2.58,86.7,1,5,Ya,38,2.4,2,Tidak
M0448,2.33,2.26,2.29,2.15,100.0,3,10,Ya,21,6.1,7,Ya
M0449,2.54,2.3,2.44,1.76,72.1,2,10,Tidak,0,7.2,8,Tidak
M0450,2.27,2.06,2.51,2.61,83.3,6,12,Tidak,0,4.1,1,Tidak
M0451,2.77,2.5,2.35,2.27,62.4,4,11,Ya,23,10.6,6,Ya
M0452,3.28,3.03,2.88,3.17,84.5,1,10,Ya,25,7.6,9,Tidak
M0453,2.31,2.29,2.63,2.3,71.1,1,10,Tidak,0,7.6,7,Tidak
M0454,3.05,2.84,2.93,2.74,73.8,1,9,Ya,40,7.9,5,Tidak
M0455,2.53,2.73,3.11,2.66,69.0,2,13,Tidak,0,1.3,10,Ya
M0456,2.4,2.85,2.94,2.64,87.3,1,7,Tidak,0,7.4,10,Tidak
M0457,2.75,2.58,2.23,1.88,90.1,6,11,Tidak,0,10.6,9,Ya
M0458,2.28,2.35,1.95,2.25,80.2,0,10,Tidak,0,7.5,2,Tidak
M0459,2.52,2.67,2.2,1.99,71.4,3,13,Tidak,0,5.5,7,Ya
M0460,2.2,2.34,2.54,2.58,95.9,1,3,Ya,26,3.8,9,Ya
M0461,3.78,3.8,4.0,3.89,72.5,1,8,Tidak,0,3.6,2,Tidak
M0462,2.82,3.04,3.59,3.21,58.4,1,10,Tidak,0,3.3,10,Tidak
M0463,2.45,2.59,2.84,2.79,84.6,1,11,Ya,29,5.2,6,Tidak
M0464,2.91,2.54,2.89,3.07,69.0,1,15,Tidak,0,3.9,9,Tidak
M0465,2.74,3.0,2.83,2.47,89.9,1,12,Tidak,0,5.7,3,Tidak
M0466,2.69,2.96,2.61,2.85,76.2,1,15,Ya,33,6.4,8,Tidak
M0467,3.11,2.88,3.14,2.89,86.0,0,9,Tidak,0,2.6,5,Tidak
M0468,3.18,3.19,3.32,3.18,94.0,2,5,Tidak,0,4.5,7,Tidak
M0469,2.53,2.73,2.76,2.92,67.9,1,16,Tidak,0,4.8,3,Tidak
M0470,2.51,2.45,2.57,2.37,74.3,1,12,Tidak,0,4.8,8,Tidak
M0471,2.66,2.98,3.08,3.09,79.2,0,12,Tidak,0,6.0,2,Tidak
M0472,1.65,2.36,2.75,2.66,95.4,1,15,Tidak,0,6.2,8,Tidak
M0473,2.04,1.8,2.19,2.23,73.4,0,13,Ya,40,5.2,2,Tidak
M0474,3.48,3.07,3.23,2.52,74.1,3,14,Tidak,0,4.7,7,Tidak
M0475,3.62,3.71,3.96,3.41,84.8,4,6,Tidak,0,6.0,2,Tidak
M0476,2.68,2.9,3.05,3.23,74.2,1,7,Tidak,0,8.9,7,Tidak
M0477,3.09,3.02,2.88,3.19,81.5,0,6,Tidak,0,3.1,1,Tidak
M0478,2.96,3.4,3.63,3.36,64.5,1,7,Tidak,0,8.3,6,Tidak
M0479,4.0,3.6,3.18,3.11,100.0,2,10,Tidak,0,2.7,10,Tidak
M0480,3.36,3.57,3.89,3.98,66.5,0,7,Tidak,0,6.7,7,Tidak
M0481,2.74,2.56,2.2,2.41,76.8,0,12,Ya,12,8.1,4,Tidak
M0482,2.32,2.84,2.93,2.32,79.7,2,14,Tidak,0,3.4,1,Tidak
M0483,2.0,2.6,2.35,2.08,99.1,2,12,Tidak,0,6.7,6,Tidak
M0484,2.9,2.67,2.84,2.74,66.8,2,13,Tidak,0,3.9,4,Tidak
M0485,2.42,2.26,2.25,2.46,99.8,1,9,Tidak,0,8.3,3,Tidak
M0486,2.09,2.35,1.87,2.62,87.6,2,11,Tidak,0,2.8,4,Tidak
M0487,2.48,2.36,2.49,2.42,84.2,2,6,Tidak,0,4.2,6,Tidak
M0488,2.26,2.25,2.08,1.66,70.2,2,5,Ya,40,6.3,5,Tidak
M0489,3.64,3.65,3.91,4.0,85.7,1,10,Ya,10,7.4,2,Tidak
M0490,3.24,2.66,2.66,3.06,72.8,2,4,Ya,13,6.2,2,Tidak
M0491,2.8,2.8,2.92,2.95,92.7,1,7,Tidak,0,7.0,3,Tidak
M0492,3.54,3.33,3.04,2.77,70.3,3,13,Ya,20,4.9,6,Tidak
M0493,2.84,2.69,2.51,2.8,78.9,1,7,Tidak,0,3.8,1,Tidak
M0494,2.37,2.8,2.66,2.86,74.4,2,9,Tidak,0,8.9,7,Tidak
M0495,3.56,3.18,3.44,3.13,70.1,0,12,Tidak,0,7.0,8,Tidak
M0496,3.07,3.31,3.81,3.92,87.4,0,6,Tidak,0,5.0,7,Tidak
M0497,2.28,2.2,1.96,2.26,85.4,3,12,Ya,20,2.7,3,Ya
M0498,2.7,2.62,2.94,3.29,92.1,3,4,Tidak,0,8.4,6,Tidak
M0499,2.36,2.6,1.95,1.93,62.2,0,8,Ya,31,8.5,4,Ya
M0500,2.11,2.21,1.85,1.74,90.6,1,7,Tidak,0,5.6,5,Tidak
M0501,3.26,3.43,3.14,3.51,100.0,1,6,Ya,12,4.7,3,Tidak
M0502,3.75,4.0,3.59,3.23,75.5,3,15,Tidak,0,5.5,5,Tidak
M0503,2.1,2.0,1.52,1.65,99.0,1,16,Tidak,0,5.6,6,Tidak
M0504,3.08,2.9,3.02,2.61,77.4,1,12,Tidak,0,7.5,8,Tidak
M0505,2.47,2.14,2.08,2.4,66.3,1,11,Tidak,0,3.7,6,Tidak
M0506,2.56,2.31,2.42,2.34,76.9,3,8,Ya,29,4.8,9,Ya
M0507,2.5,3.38,3.59,3.97,90.5,4,9,Tidak,0,5.6,10,Tidak
M0508,2.37,2.74,2.82,2.97,71.6,0,8,Tidak,0,6.5,10,Tidak
M0509,2.82,2.41,2.61,2.24,74.0,1,10,Tidak,0,7.7,10,Tidak
M0510,2.38,1.98,1.96,2.39,85.9,1,6,Tidak,0,6.6,10,Tidak
M0511,2.94,3.08,2.72,3.19,80.0,0,9,Ya,35,9.5,4,Tidak
M0512,2.77,2.93,3.25,3.51,85.8,0,8,Tidak,0,4.0,2,Tidak
M0513,2.68,2.84,2.66,2.43,82.4,2,16,Tidak,0,8.9,9,Tidak
M0514,2.35,2.27,1.99,1.9,84.8,1,4,Tidak,0,4.1,3,Tidak
M0515,2.51,2.47,2.42,2.46,75.7,2,15,Tidak,0,5.2,7,Tidak
M0516,3.18,3.28,3.01,2.8,82.3,2,9,Tidak,0,6.8,4,Tidak
M0517,3.05,3.08,2.95,3.46,70.7,1,7,Ya,17,8.4,1,Tidak
M0518,2.31,1.64,1.74,1.78,92.9,1,7,Ya,17,5.2,8,Tidak
M0519,2.85,2.78,2.88,2.07,73.7,0,5,Tidak,0,6.8,4,Tidak
M0520,3.18,2.92,2.65,2.75,91.3,1,9,Tidak,0,5.4,6,Tidak
M0521,1.97,2.02,1.87,1.77,77.7,0,10,Tidak,0,1.4,7,Ya
M0522,3.07,3.97,4.0,3.98,82.0,2,5,Tidak,0,5.9,8,Tidak
M0523,2.47,2.58,2.73,2.62,75.1,6,14,Tidak,0,3.5,10,Tidak
M0524,3.09,3.0,3.62,3.86,69.8,2,13,Tidak,0,8.5,2,Tidak
M0525,2.42,2.7,3.05,3.39,62.6,1,11,Tidak,0,8.6,9,Tidak
M0526,1.9,2.04,2.38,2.46,69.4,1,12,Ya,40,4.3,10,Ya
M0527,1.99,2.12,1.7,1.6,76.8,5,13,Tidak,0,4.0,3,Tidak
M0528,2.82,3.0,3.23,3.22,82.1,0,7,Tidak,0,4.7,1,Tidak
M0529,2.93,3.55,3.53,3.54,90.1,4,8,Ya,35,7.1,2,Tidak
M0530,2.35,2.01,1.84,1.6,75.5,1,11,Tidak,0,7.1,8,Tidak
M0531,3.12,3.26,3.31,3.48,71.2,0,6,Tidak,0,12.8,10,Tidak
M0532,1.97,1.69,1.97,2.11,65.6,0,8,Tidak,0,5.4,6,Tidak
M0533,2.77,2.94,3.09,3.55,84.8,0,8,Tidak,0,6.2,1,Tidak
M0534,2.19,1.91,1.65,2.03,93.8,1,11,Ya,16,9.9,9,Tidak
M0535,2.47,2.34,2.56,2.35,92.7,2,9,Ya,12,6.6,7,Tidak
M0536,2.82,2.73,2.54,2.79,87.1,0,9,Ya,30,3.8,10,Tidak
M0537,2.37,2.66,2.73,2.44,86.4,1,10,Tidak,0,6.7,3,Tidak
M0538,2.61,2.89,2.8,3.01,97.0,0,6,Ya,33,7.4,7,Tidak
M0539,3.3,2.93,2.86,2.71,83.3,0,14,Tidak,0,5.3,6,Tidak
M0540,2.51,2.53,2.76,2.45,86.5,1,8,Tidak,0,7.6,3,Tidak
M0541,3.22,3.01,2.7,2.78,76.8,2,11,Ya,28,7.4,8,Tidak
M0542,2.24,1.86,2.44,1.64,66.4,2,11,Tidak,0,5.1,1,Tidak
M0543,3.06,2.99,2.44,1.91,73.2,1,11,Tidak,0,9.1,5,Tidak
M0544,3.52,3.43,3.25,3.2,79.9,0,12,Tidak,0,4.4,8,Tidak
M0545,1.56,2.29,2.4,2.42,80.6,4,11,Tidak,0,6.9,3,Tidak
M0546,2.4,2.53,2.71,2.6,99.3,4,7,Tidak,0,4.8,10,Tidak
M0547,3.09,2.68,2.65,2.18,80.8,1,15,Tidak,0,2.6,6,Tidak
M0548,2.7,2.53,2.51,2.26,91.8,1,15,Tidak,0,6.7,10,Tidak
M0549,2.99,3.3,3.42,3.54,75.6,1,12,Ya,20,9.9,2,Tidak
M0550,2.5,3.13,3.06,3.23,76.9,1,8,Tidak,0,5.9,9,Tidak
M0551,2.84,2.36,2.78,2.78,66.7,2,7,Tidak,0,3.0,2,Tidak
M0552,2.72,2.16,2.41,2.76,72.6,0,7,Tidak,0,6.4,5,Tidak
M0553,3.38,3.94,4.0,4.0,85.3,1,9,Ya,36,4.4,3,Tidak
M0554,2.93,3.05,2.76,2.54,80.1,1,6,Tidak,0,8.1,10,Tidak
M0555,2.97,2.71,2.69,2.61,89.4,0,13,Tidak,0,5.5,9,Tidak
M0556,2.59,2.75,2.66,2.24,81.8,0,9,Ya,17,2.5,9,Ya
M0557,2.56,1.77,1.5,1.5,76.5,3,15,Tidak,0,7.0,7,Ya
M0558,2.58,2.58,2.69,3.02,100.0,2,10,Ya,27,6.4,10,Tidak
M0559,3.0,3.1,2.94,3.15,79.1,1,9,Ya,28,5.4,5,Tidak
M0560,2.59,2.87,3.07,3.49,91.6,0,10,Tidak,0,3.9,9,Tidak
M0561,2.94,2.64,2.32,2.23,76.0,0,8,Tidak,0,9.6,7,Tidak
M0562,3.84,3.87,4.0,4.0,87.1,0,11,Tidak,0,5.1,2,Tidak
M0563,3.24,2.96,2.69,2.63,89.3,1,12,Tidak,0,7.8,10,Tidak
M0564,2.64,2.72,2.79,3.23,82.1,0,8,Tidak,0,5.1,1,Tidak
M0565,3.4,3.13,3.37,3.36,56.5,1,8,Tidak,0,7.4,10,Tidak
M0566,2.6,2.48,2.31,2.52,80.2,0,6,Tidak,0,6.1,10,Tidak
M0567,1.78,1.5,1.76,2.2,92.3,1,8,Ya,36,6.1,4,Tidak
M0568,2.3,2.5,2.13,2.07,85.3,2,17,Tidak,0,4.3,10,Tidak
M0569,1.86,2.12,2.56,2.63,84.5,1,12,Ya,20,7.1,8,Tidak
M0570,2.62,2.55,2.55,2.94,62.8,3,7,Tidak,0,8.8,6,Tidak
M0571,2.81,2.82,2.64,2.6,72.8,4,6,Ya,29,3.9,2,Tidak
M0572,3.64,3.21,3.12,2.72,84.1,3,9,Ya,18,4.3,5,Tidak
M0573,2.96,2.87,3.11,3.75,84.1,1,6,Tidak,0,11.9,9,Tidak
M0574,2.69,2.67,2.49,2.35,92.1,1,18,Tidak,0,4.0,6,Tidak
M0575,3.21,4.0,3.78,3.83,78.6,2,6,Tidak,0,4.9,6,Tidak
M0576,1.69,1.5,1.5,1.85,84.1,2,10,Tidak,0,8.8,7,Tidak
M0577,2.92,3.36,3.01,2.83,80.2,1,12,Ya,13,8.8,5,Tidak
M0578,3.19,3.49,4.0,3.7,70.1,0,7,Tidak,0,1.1,3,Tidak
M0579,2.06,2.14,1.97,2.05,57.4,2,11,Tidak,0,7.5,3,Tidak
M0580,3.37,3.9,4.0,3.46,84.3,0,10,Tidak,0,5.6,5,Tidak
M0581,2.97,3.08,3.14,3.05,81.7,2,11,Tidak,0,5.7,4,Tidak
M0582,2.59,2.71,2.41,2.48,73.8,0,9,Tidak,0,8.3,5,Tidak
M0583,3.12,3.1,3.1,3.02,63.8,2,10,Tidak,0,5.3,9,Tidak
M0584,3.94,4.0,4.0,3.54,86.3,3,9,Tidak,0,5.0,5,Tidak
M0585,2.89,3.22,3.16,3.64,77.3,5,2,Tidak,0,5.4,4,Tidak
M0586,2.92,2.73,3.09,3.12,85.6,1,6,Tidak,0,5.3,4,Tidak
M0587,2.57,2.17,2.48,2.91,98.6,2,14,Tidak,0,6.7,1,Tidak
M0588,2.38,2.32,2.6,2.52,58.6,1,13,Tidak,0,8.6,10,Tidak
M0589,3.22,2.98,2.84,2.58,73.0,0,7,Tidak,0,6.9,4,Tidak
M0590,2.37,2.35,2.03,2.11,77.9,2,11,Tidak,0,6.0,4,Tidak
M0591,2.84,3.21,3.03,2.97,94.5,1,9,Ya,23,7.1,9,Tidak
M0592,2.56,2.42,2.48,2.13,63.6,1,18,Tidak,0,7.6,4,Tidak
M0593,3.04,3.03,3.19,3.63,99.4,0,11,Ya,31,7.2,7,Tidak
M0594,2.97,2.99,2.34,2.15,81.4,1,13,Ya,19,4.7,1,Tidak
M0595,3.32,3.57,3.57,3.02,79.0,2,12,Ya,16,6.8,7,Tidak
M0596,2.54,1.87,1.92,2.32,78.0,2,6,Ya,34,1.8,2,Ya
M0597,2.67,2.49,2.41,2.26,75.6,1,11,Tidak,0,9.1,8,Tidak
M0598,2.31,2.37,2.76,2.58,90.5,1,7,Tidak,0,9.1,1,Tidak
M0599,2.58,2.94,3.07,2.54,69.3,0,10,Tidak,0,7.8,10,Tidak
M0600,2.99,2.84,3.23,3.75,83.5,1,11,Tidak,0,8.5,3,Tidak
M0601,3.18,2.62,2.56,2.17,76.2,2,10,Ya,34,5.9,8,Ya
M0602,2.34,2.53,2.81,2.83,72.4,1,8,Tidak,0,4.5,10,Tidak
M0603,3.23,3.04,3.53,3.8,100.0,2,20,Tidak,0,3.5,8,Tidak
M0604,3.48,3.12,3.51,3.64,84.2,2,18,Ya,21,8.0,5,Tidak
M0605,3.01,2.82,2.49,2.47,86.1,2,17,Ya,17,4.5,5,Tidak
M0606,3.74,3.68,3.6,3.09,91.4,1,10,Tidak,0,5.3,8,Tidak
M0607,2.41,2.23,2.13,1.89,65.8,0,8,Ya,21,6.4,10,Ya
M0608,2.18,1.52,1.67,1.73,97.5,3,14,Tidak,0,5.9,5,Tidak
M0609,1.91,2.18,2.39,2.15,54.9,5,19,Ya,37,6.5,9,Ya
M0610,3.55,3.93,3.68,3.74,72.3,0,11,Ya,29,2.4,1,Tidak
M0611,3.13,3.33,3.35,3.55,75.4,0,10,Ya,19,5.5,5,Tidak
M0612,2.77,2.43,1.82,2.11,85.8,1,11,Tidak,0,7.6,3,Tidak
M0613,2.94,2.88,3.31,2.94,82.2,2,13,Ya,19,5.1,3,Tidak
M0614,2.24,2.24,2.09,2.75,78.3,1,11,Ya,39,4.3,2,Tidak
M0615,4.0,4.0,4.0,4.0,79.9,2,11,Tidak,0,7.9,3,Tidak
M0616,2.86,3.06,2.97,2.97,70.2,4,5,Tidak,0,5.2,7,Tidak
M0617,2.85,2.63,2.97,3.3,65.0,1,9,Tidak,0,6.4,8,Tidak
M0618,3.16,3.18,2.33,3.04,87.3,1,15,Tidak,0,5.6,8,Tidak
M0619,3.04,3.18,3.18,2.75,86.9,2,5,Tidak,0,6.0,8,Tidak
M0620,2.91,3.35,3.32,3.25,95.8,2,12,Ya,13,9.1,1,Tidak
M0621,2.4,2.61,2.47,1.76,72.1,2,8,Tidak,0,7.1,7,Tidak
M0622,3.04,3.28,3.8,3.86,86.9,1,12,Tidak,0,3.6,2,Tidak
M0623,3.74,3.77,3.5,3.61,77.2,2,12,Tidak,0,5.3,10,Tidak
M0624,3.47,3.89,4.0,3.99,91.9,0,10,Tidak,0,5.2,4,Tidak
M0625,3.6,3.72,3.83,3.63,90.2,0,11,Ya,17,6.4,5,Tidak
M0626,2.54,2.28,2.66,2.05,82.1,3,12,Tidak,0,7.8,1,Tidak
M0627,2.31,2.73,2.53,2.64,76.6,5,10,Tidak,0,6.1,4,Tidak
M0628,2.74,2.95,2.73,3.17,89.6,2,14,Tidak,0,6.0,4,Tidak
M0629,2.83,2.7,3.03,2.85,86.5,0,10,Tidak,0,1.5,9,Tidak
M0630,3.35,3.21,3.34,3.47,73.2,3,9,Tidak,0,8.6,9,Tidak
M0631,1.95,2.04,1.58,1.5,66.7,0,13,Ya,29,5.7,10,Ya
M0632,3.56,3.7,3.54,3.68,77.1,0,11,Tidak,0,6.5,1,Tidak
M0633,2.72,2.78,2.9,2.78,95.2,0,13,Tidak,0,6.5,8,Tidak
M0634,2.59,2.68,2.93,2.7,91.5,1,9,Ya,22,4.5,4,Tidak
M0635,2.29,2.8,2.6,2.37,68.9,3,10,Tidak,0,5.5,4,Ya
M0636,1.97,2.29,1.5,1.5,68.3,2,12,Tidak,0,4.4,5,Tidak
M0637,3.21,3.27,3.43,3.54,92.7,0,8,Tidak,0,8.8,2,Tidak
M0638,2.84,3.12,2.75,2.36,68.6,0,8,Ya,32,1.6,1,Ya
M0639,2.16,1.85,1.5,1.5,85.1,0,8,Tidak,0,4.1,5,Tidak
M0640,2.15,2.27,1.5,1.5,73.8,0,9,Ya,25,5.4,7,Ya
M0641,2.63,3.17,3.41,3.08,96.2,1,9,Tidak,0,9.0,10,Tidak
M0642,3.63,3.56,3.6,4.0,72.3,4,15,Tidak,0,7.4,9,Tidak
M0643,2.67,2.42,2.35,2.09,91.4,1,10,Tidak,0,2.7,2,Tidak
M0644,2.05,1.85,2.27,2.07,81.8,4,6,Ya,27,5.8,8,Ya
M0645,2.68,2.35,2.54,2.25,82.5,0,10,Tidak,0,7.4,7,Tidak
M0646,2.66,2.42,2.9,3.44,60.3,0,9,Tidak,0,10.5,2,Tidak
M0647,1.5,1.5,1.5,1.67,58.0,3,5,Tidak,0,5.3,5,Ya
M0648,2.77,2.35,2.34,2.06,77.8,5,9,Tidak,0,3.6,7,Ya
M0649,2.68,2.68,2.19,2.52,82.5,1,13,Tidak,0,6.6,3,Tidak
M0650,3.15,3.42,3.35,3.41,68.7,0,14,Tidak,0,5.9,2,Tidak
M0651,3.72,3.45,3.38,3.46,69.1,2,11,Tidak,0,6.9,6,Tidak
M0652,3.36,3.82,4.0,3.9,85.6,2,7,Tidak,0,7.4,10,Tidak
M0653,2.67,2.82,2.83,2.61,85.6,1,10,Tidak,0,6.6,6,Tidak
M0654,2.25,2.56,2.75,2.85,78.6,2,8,Tidak,0,7.1,4,Tidak
M0655,4.0,3.8,4.0,3.84,87.8,1,11,Tidak,0,9.3,1,Tidak
M0656,2.83,3.09,3.74,4.0,68.3,1,9,Tidak,0,5.4,5,Tidak
M0657,2.81,2.48,2.39,2.01,76.4,0,7,Ya,13,3.6,1,Tidak
M0658,2.79,3.06,2.78,3.24,96.5,0,5,Tidak,0,6.6,8,Tidak
M0659,2.9,2.95,3.02,2.99,80.7,2,11,Ya,19,3.4,2,Tidak
M0660,2.73,2.9,2.66,2.75,81.3,4,8,Tidak,0,3.8,9,Tidak
M0661,2.51,2.16,2.6,2.85,100.0,1,9,Tidak,0,4.4,9,Tidak
M0662,2.53,2.26,2.18,1.99,66.0,2,9,Tidak,0,3.5,3,Tidak
M0663,2.78,2.96,2.79,3.05,88.0,1,20,Tidak,0,8.3,6,Tidak
M0664,2.53,2.25,2.11,1.5,96.6,0,8,Ya,16,6.1,9,Tidak
M0665,2.44,2.58,2.8,2.58,76.8,0,4,Tidak,0,7.4,7,Tidak
M0666,2.85,2.44,2.39,2.11,88.6,3,3,Tidak,0,7.0,4,Ya
M0667,2.67,2.92,2.73,2.35,70.2,2,14,Tidak,0,5.6,3,Tidak
M0668,3.55,3.18,3.68,3.62,73.1,1,6,Tidak,0,7.9,2,Tidak
M0669,1.5,1.67,1.5,1.62,83.8,0,6,Tidak,0,5.0,10,Tidak
M0670,3.35,3.54,3.55,3.76,88.0,2,8,Tidak,0,5.7,10,Tidak
M0671,3.42,3.21,3.41,3.48,91.2,0,15,Tidak,0,4.6,1,Tidak
M0672,1.76,1.93,1.5,1.5,95.7,0,11,Tidak,0,8.8,10,Tidak
M0673,2.63,2.71,2.85,2.96,79.3,1,9,Tidak,0,5.8,1,Tidak
M0674,2.61,2.45,2.13,2.17,91.9,2,9,Ya,34,7.2,4,Tidak
M0675,2.1,1.8,2.05,2.33,76.6,2,12,Tidak,0,4.8,4,Tidak
M0676,2.41,1.82,1.53,1.76,89.0,0,11,Tidak,0,7.7,9,Tidak
M0677,2.24,2.34,2.55,2.56,82.1,1,12,Tidak,0,7.5,10,Tidak
M0678,3.68,3.21,3.54,3.27,84.5,0,9,Tidak,0,2.7,1,Tidak
M0679,3.27,3.3,3.56,3.36,84.2,0,12,Tidak,0,6.0,4,Tidak
M0680,3.44,3.36,3.44,3.28,64.0,4,10,Tidak,0,6.2,3,Tidak
M0681,3.16,3.36,3.29,3.2,68.8,1,7,Ya,26,5.4,9,Ya
M0682,2.24,2.15,1.98,2.06,81.0,0,14,Tidak,0,8.8,5,Tidak
M0683,2.54,2.44,2.88,3.09,63.1,0,10,Ya,35,3.6,9,Ya
M0684,3.04,3.26,3.05,3.03,88.3,0,13,Ya,19,5.1,10,Tidak
M0685,2.19,2.29,1.98,1.98,88.7,0,11,Tidak,0,4.3,6,Tidak
M0686,3.16,3.25,3.45,3.49,83.3,1,7,Tidak,0,8.1,9,Tidak
M0687,2.68,2.82,2.58,2.43,68.8,3,9,Tidak,0,3.9,1,Ya
M0688,2.61,2.15,1.86,1.58,93.8,1,13,Tidak,0,2.3,4,Tidak
M0689,3.16,3.39,2.96,2.43,100.0,0,10,Tidak,0,6.9,4,Tidak
M0690,3.02,3.2,3.06,2.85,81.5,0,8,Tidak,0,5.7,10,Tidak
M0691,2.62,2.31,2.29,2.43,85.1,2,5,Ya,31,8.1,10,Ya
M0692,3.38,3.31,3.38,3.17,82.0,0,7,Tidak,0,7.6,6,Tidak
M0693,2.26,2.25,2.54,2.47,85.3,1,15,Tidak,0,5.9,10,Tidak
M0694,3.11,3.07,3.23,3.37,78.8,1,12,Tidak,0,3.1,1,Tidak
M0695,3.1,3.2,3.14,3.3,79.7,1,11,Ya,33,3.6,10,Tidak
M0696,2.65,3.08,3.02,2.7,89.1,1,9,Tidak,0,2.5,5,Tidak
M0697,2.96,3.28,3.43,3.73,100.0,2,7,Tidak,0,5.7,3,Tidak
M0698,2.17,1.78,2.16,2.5,66.0,6,4,Tidak,0,4.7,1,Ya
M0699,3.26,3.45,3.49,3.15,79.0,6,7,Tidak,0,5.6,6,Tidak
M0700,2.71,3.11,2.97,2.72,68.2,5,10,Tidak,0,6.3,3,Tidak
M0701,2.54,2.66,2.36,2.72,95.9,1,10,Ya,30,9.8,4,Tidak
M0702,3.32,3.65,3.22,3.18,74.1,2,15,Tidak,0,7.2,9,Tidak
M0703,2.45,3.05,3.25,2.58,65.6,0,6,Tidak,0,6.1,2,Tidak
M0704,2.1,2.41,2.58,2.16,86.4,4,4,Ya,38,2.9,1,Ya
M0705,2.02,2.09,2.26,2.19,97.4,1,9,Tidak,0,6.1,10,Tidak
M0706,3.1,3.41,3.37,3.02,86.6,1,12,Tidak,0,7.8,6,Tidak
M0707,2.16,2.2,2.62,2.5,82.0,2,4,Tidak,0,6.8,1,Tidak
M0708,3.68,3.69,3.54,3.55,84.1,1,9,Ya,16,3.9,1,Tidak
M0709,1.76,1.65,1.94,2.38,94.1,1,9,Ya,40,5.2,7,Ya
M0710,3.65,4.0,3.99,3.9,71.3,0,11,Ya,11,6.1,2,Tidak
M0711,2.91,2.66,2.48,2.8,78.9,1,4,Tidak,0,5.2,4,Tidak
M0712,2.75,3.21,3.39,3.82,75.5,2,9,Tidak,0,4.8,4,Tidak
M0713,2.53,2.68,2.8,3.23,68.3,0,6,Ya,10,1.7,2,Tidak
M0714,3.0,2.58,2.69,2.78,76.7,2,8,Tidak,0,4.5,6,Tidak
M0715,2.78,2.89,2.91,2.32,91.1,3,10,Ya,11,6.5,10,Ya
M0716,3.35,2.72,2.71,2.85,85.7,3,13,Ya,38,7.8,2,Tidak
M0717,2.86,3.05,3.77,4.0,86.4,1,8,Tidak,0,6.2,8,Tidak
M0718,2.88,3.15,3.51,3.49,81.5,3,12,Ya,37,8.1,4,Tidak
M0719,2.62,2.44,2.66,3.18,85.2,2,11,Ya,15,5.8,1,Tidak
M0720,2.77,2.81,2.84,3.1,72.0,0,10,Tidak,0,4.2,7,Tidak
M0721,2.95,3.54,3.84,4.0,76.9,1,11,Tidak,0,5.1,6,Tidak
M0722,1.94,1.79,1.95,2.28,81.9,2,6,Tidak,0,7.0,6,Tidak
M0723,2.13,1.81,1.82,1.92,82.8,3,7,Tidak,0,5.5,3,Tidak
M0724,3.17,3.61,3.52,2.77,83.2,2,15,Tidak,0,4.7,10,Tidak
M0725,2.89,3.48,3.46,3.31,78.6,1,10,Tidak,0,2.9,7,Tidak
M0726,2.71,2.71,1.76,2.12,76.2,0,17,Tidak,0,4.2,6,Tidak
M0727,2.81,3.11,3.17,2.93,100.0,2,6,Tidak,0,5.2,10,Tidak
M0728,2.97,3.37,3.22,3.15,89.1,4,10,Tidak,0,4.8,10,Tidak
M0729,2.53,2.31,2.79,2.48,84.1,0,7,Tidak,0,4.1,9,Tidak
M0730,2.41,2.26,2.27,2.81,77.7,2,12,Tidak,0,9.1,3,Tidak
M0731,2.9,3.27,2.91,3.41,75.5,1,4,Tidak,0,7.2,3,Tidak
M0732,2.31,2.82,2.81,2.54,78.7,0,9,Tidak,0,10.4,4,Tidak
M0733,3.0,3.17,2.86,2.9,82.9,4,11,Tidak,0,2.8,3,Tidak
M0734,1.95,1.69,1.83,1.63,61.2,0,6,Ya,37,6.6,4,Ya
M0735,3.31,3.91,4.0,4.0,64.3,2,12,Tidak,0,5.1,6,Tidak
M0736,3.04,2.88,3.17,3.32,73.6,2,11,Tidak,0,6.0,1,Tidak
M0737,2.93,2.83,2.59,2.83,82.1,2,9,Ya,11,9.7,2,Tidak
M0738,3.29,3.39,3.4,3.5,77.6,2,10,Tidak,0,2.5,10,Tidak
M0739,3.63,4.0,3.59,4.0,94.8,3,7,Tidak,0,4.9,6,Tidak
M0740,3.31,3.57,3.78,3.47,65.2,0,16,Tidak,0,4.5,6,Tidak
M0741,1.88,2.0,2.16,1.65,72.5,1,10,Tidak,0,4.9,1,Tidak
M0742,2.16,2.3,2.45,2.33,95.2,1,9,Tidak,0,1.8,6,Tidak
M0743,2.49,2.5,2.5,2.03,81.3,1,9,Tidak,0,8.6,9,Tidak
M0744,2.81,2.98,3.1,2.65,88.8,1,4,Ya,29,8.7,8,Ya
M0745,3.06,2.3,2.78,2.48,100.0,2,9,Tidak,0,7.2,10,Tidak
M0746,2.44,2.35,2.26,1.98,73.1,0,7,Tidak,0,3.3,5,Tidak
M0747,2.89,2.96,3.0,2.71,79.0,0,12,Tidak,0,6.6,4,Tidak
M0748,2.42,2.07,1.74,1.9,77.3,2,11,Tidak,0,7.7,6,Tidak
M0749,2.49,2.61,2.35,2.2,60.5,1,10,Tidak,0,6.8,5,Tidak
M0750,2.1,2.04,2.07,2.02,76.9,3,9,Tidak,0,5.9,6,Tidak
M0751,2.34,2.87,3.2,3.47,88.8,1,10,Tidak,0,8.8,10,Tidak
M0752,2.12,2.59,2.51,2.28,85.4,2,10,Ya,37,4.6,3,Tidak
M0753,2.31,2.17,2.1,2.02,86.2,4,6,Ya,40,5.7,7,Ya
M0754,3.33,3.28,3.16,3.27,76.2,1,5,Tidak,0,7.3,8,Tidak
M0755,2.33,2.31,2.15,1.57,73.4,0,7,Ya,39,6.6,5,Tidak
M0756,4.0,3.86,3.95,3.23,92.7,2,8,Tidak,0,7.1,5,Tidak
M0757,3.05,3.11,2.66,2.76,75.0,4,9,Tidak,0,7.1,4,Tidak
M0758,2.89,2.66,3.04,3.19,82.9,1,12,Tidak,0,7.0,10,Tidak
M0759,2.37,2.03,1.83,2.45,81.6,1,12,Tidak,0,5.3,5,Tidak
M0760,3.15,3.34,3.56,3.61,94.6,2,10,Tidak,0,4.6,10,Tidak
M0761,2.51,2.7,2.32,2.57,89.7,1,9,Tidak,0,6.3,8,Tidak
M0762,2.86,2.62,2.82,2.76,67.0,2,10,Ya,15,9.0,5,Tidak
M0763,4.0,4.0,4.0,4.0,68.1,1,12,Tidak,0,6.0,9,Tidak
M0764,2.75,2.56,2.68,3.18,85.8,2,9,Ya,31,7.2,1,Tidak
M0765,3.37,3.45,3.15,2.51,79.4,1,9,Ya,25,6.2,7,Tidak
M0766,2.45,2.7,2.77,2.89,75.4,1,9,Tidak,0,10.1,5,Tidak
M0767,2.78,2.77,2.42,3.06,90.2,1,6,Tidak,0,5.7,4,Tidak
M0768,3.69,3.83,3.75,3.83,81.9,2,9,Ya,35,7.2,3,Tidak
M0769,2.49,2.34,2.65,3.15,80.5,1,10,Tidak,0,4.6,10,Tidak
M0770,3.71,3.65,3.89,3.7,87.8,2,8,Tidak,0,3.8,7,Tidak
M0771,3.15,3.09,3.09,3.08,76.2,1,8,Ya,23,6.0,2,Tidak
M0772,2.52,2.3,2.01,2.02,95.7,2,9,Tidak,0,8.4,5,Tidak
M0773,3.12,3.07,3.26,2.59,72.1,1,9,Tidak,0,7.3,2,Tidak
M0774,3.29,2.83,2.84,2.49,86.6,2,16,Tidak,0,1.8,7,Ya
M0775,3.11,2.96,2.26,1.93,94.3,0,10,Tidak,0,7.5,6,Tidak
M0776,2.01,1.92,2.15,2.4,66.2,4,10,Ya,18,2.9,10,Ya
M0777,2.44,2.36,2.35,2.61,76.6,3,11,Ya,26,7.7,7,Ya
M0778,2.68,2.61,2.97,3.07,91.4,2,11,Ya,35,7.1,9,Tidak
M0779,2.76,2.74,2.41,2.66,91.6,0,11,Tidak,0,5.7,2,Tidak
M0780,3.11,3.25,2.3,2.25,78.3,0,11,Ya,35,7.5,9,Ya
M0781,2.89,3.15,3.23,3.59,72.7,1,10,Ya,26,5.5,7,Tidak
M0782,2.13,1.94,2.03,2.03,89.6,1,4,Ya,17,6.3,2,Tidak
M0783,2.99,2.63,2.12,2.14,91.8,3,7,Tidak,0,3.1,10,Ya
M0784,3.11,2.8,2.51,2.43,68.4,1,4,Ya,21,5.5,2,Ya
M0785,3.08,2.93,3.76,3.97,68.0,4,11,Tidak,0,7.8,4,Tidak
M0786,3.34,3.23,3.14,3.01,82.3,5,13,Tidak,0,3.3,2,Tidak
M0787,3.22,2.99,3.21,3.5,86.3,1,10,Tidak,0,7.6,1,Tidak
M0788,3.03,2.64,2.44,2.1,77.0,1,8,Ya,11,2.0,6,Tidak
M0789,2.76,2.62,1.99,1.66,86.8,3,8,Ya,15,3.6,10,Ya
M0790,1.97,2.02,1.97,2.18,72.9,3,16,Tidak,0,5.4,5,Tidak
M0791,3.01,3.19,3.11,3.08,58.9,3,13,Tidak,0,6.3,3,Tidak
M0792,2.9,2.73,2.61,2.47,75.8,2,9,Tidak,0,4.9,1,Tidak
M0793,2.94,2.82,2.79,3.06,80.6,2,10,Ya,39,4.8,9,Tidak
M0794,2.16,1.88,1.96,1.78,77.2,2,12,Ya,30,8.2,8,Ya
M0795,2.26,2.25,2.2,2.14,68.4,1,8,Tidak,0,8.4,6,Tidak
M0796,3.33,3.08,2.7,3.12,61.8,1,6,Tidak,0,5.2,6,Tidak
M0797,2.78,2.95,3.1,3.56,74.9,2,9,Tidak,0,5.2,4,Tidak
M0798,3.14,2.6,2.02,2.49,89.0,2,11,Tidak,0,5.4,2,Tidak
M0799,2.81,2.7,2.08,2.0,92.6,1,2,Tidak,0,10.4,4,Tidak
M0800,2.81,2.9,3.12,3.49,91.9,3,4,Tidak,0,6.0,2,Tidak
M0801,3.27,3.33,3.48,3.2,71.8,3,8,Tidak,0,9.1,7,Tidak
M0802,2.54,3.35,3.33,3.06,68.5,4,7,Tidak,0,7.5,9,Ya
M0803,2.85,2.95,2.53,1.82,85.0,1,10,Tidak,0,5.8,2,Tidak
M0804,2.57,2.27,2.06,2.56,86.4,3,13,Tidak,0,4.7,9,Tidak
M0805,2.58,2.55,2.47,2.21,84.0,1,12,Tidak,0,7.6,9,Tidak
M0806,2.65,2.12,1.64,1.6,59.9,3,16,Tidak,0,4.4,8,Ya
M0807,2.91,2.89,2.67,2.4,71.3,1,12,Ya,40,5.2,1,Tidak
M0808,2.56,2.31,2.51,2.72,79.7,1,10,Tidak,0,7.3,5,Tidak
M0809,3.43,3.7,4.0,3.89,84.9,2,11,Tidak,0,5.5,10,Tidak
M0810,2.35,2.19,2.06,1.67,87.7,2,5,Tidak,0,5.2,4,Tidak
M0811,2.71,2.67,2.9,3.03,81.4,1,9,Ya,13,5.4,7,Tidak
M0812,2.58,2.39,1.82,1.5,83.3,0,6,Tidak,0,4.6,8,Tidak
M0813,3.52,4.0,4.0,3.75,80.8,0,9,Ya,15,6.9,10,Tidak
M0814,2.9,2.8,2.56,1.93,86.9,3,6,Tidak,0,6.1,8,Ya
M0815,3.32,3.87,3.96,3.53,83.1,0,12,Tidak,0,3.3,2,Tidak
M0816,2.06,2.3,2.23,2.28,80.7,1,14,Ya,39,5.0,3,Tidak
M0817,2.93,3.07,3.47,2.88,77.3,1,5,Ya,23,5.3,10,Tidak
M0818,3.24,3.35,3.09,2.65,80.8,3,12,Tidak,0,5.3,10,Tidak
M0819,2.84,2.96,3.15,3.15,84.8,1,8,Ya,17,7.2,7,Tidak
M0820,3.33,2.75,2.67,2.51,82.7,2,5,Tidak,0,4.6,4,Tidak
M0821,2.54,2.46,2.41,3.01,83.8,1,4,Tidak,0,11.4,6,Tidak
M0822,3.5,3.75,3.69,4.0,93.4,1,9,Ya,18,8.8,8,Tidak
M0823,3.95,3.94,3.69,3.43,82.7,2,13,Tidak,0,8.8,8,Tidak
M0824,2.62,2.2,2.2,2.37,73.5,3,9,Ya,25,3.9,7,Ya
M0825,2.58,2.56,2.54,2.76,88.8,2,14,Tidak,0,1.9,2,Tidak
M0826,3.53,4.0,4.0,3.82,66.3,0,15,Tidak,0,5.3,2,Tidak
M0827,3.59,3.96,3.99,3.54,69.2,1,8,Tidak,0,6.6,3,Tidak
M0828,2.54,2.52,2.76,2.76,83.4,1,12,Tidak,0,5.7,4,Tidak
M0829,2.59,2.88,3.16,3.11,85.2,1,8,Tidak,0,4.9,1,Tidak
M0830,2.66,2.55,2.23,2.1,67.5,2,17,Ya,30,2.5,5,Ya
M0831,2.13,1.62,1.88,2.01,76.2,1,13,Tidak,0,4.7,7,Tidak
M0832,2.34,2.06,1.7,1.5,73.9,0,12,Tidak,0,5.5,10,Tidak
M0833,2.3,2.77,2.95,2.6,75.1,1,7,Tidak,0,5.0,5,Tidak
M0834,2.42,2.34,2.53,2.56,89.4,4,13,Ya,38,5.0,7,Ya
M0835,2.78,2.71,2.14,2.26,87.1,2,6,Tidak,0,4.4,5,Tidak
M0836,2.92,2.83,2.86,2.51,79.8,0,13,Ya,14,9.3,10,Tidak
M0837,3.58,4.0,3.86,4.0,74.5,2,10,Tidak,0,7.4,8,Tidak
M0838,2.3,2.79,2.56,2.03,66.5,0,6,Tidak,0,7.9,7,Ya
M0839,3.29,3.96,4.0,3.83,94.2,4,10,Tidak,0,6.5,1,Tidak
M0840,2.69,2.64,2.44,2.36,85.9,2,17,Ya,24,3.3,1,Tidak
M0841,2.78,2.87,2.63,2.44,72.9,1,11,Tidak,0,7.5,5,Tidak
M0842,3.14,2.69,2.71,2.54,87.2,1,14,Ya,11,8.7,2,Tidak
M0843,2.24,2.68,2.89,3.45,79.3,2,10,Tidak,0,9.0,9,Tidak
M0844,2.99,2.64,2.6,2.34,77.1,2,7,Ya,38,7.2,2,Tidak
M0845,2.88,2.95,3.3,4.0,84.4,3,15,Tidak,0,6.0,9,Tidak
M0846,3.05,2.72,2.88,3.01,72.6,0,5,Tidak,0,6.0,10,Tidak
M0847,2.94,2.76,2.11,2.14,76.6,2,8,Tidak,0,7.0,2,Tidak
M0848,4.0,3.75,3.59,3.73,81.2,2,12,Ya,28,2.7,4,Tidak
M0849,2.48,2.3,2.13,2.89,75.0,2,13,Tidak,0,7.3,3,Tidak
M0850,2.53,2.37,2.51,2.21,86.7,0,14,Tidak,0,5.0,6,Tidak
M0851,2.49,2.33,1.54,1.5,98.7,3,7,Tidak,0,10.4,4,Tidak
M0852,2.52,2.77,3.53,3.3,72.5,2,9,Ya,19,5.4,9,Tidak
M0853,2.48,2.15,2.31,2.32,63.3,0,10,Tidak,0,6.4,9,Ya
M0854,3.39,3.46,3.5,2.98,60.0,5,8,Tidak,0,6.3,10,Ya
M0855,3.51,3.88,4.0,4.0,78.5,3,15,Tidak,0,4.6,9,Tidak
M0856,2.51,2.36,3.06,3.57,73.4,0,13,Tidak,0,6.9,3,Tidak
M0857,2.38,2.16,2.42,2.47,82.1,2,17,Tidak,0,6.7,3,Tidak
M0858,3.04,2.97,3.25,3.16,81.3,2,13,Tidak,0,8.0,4,Tidak
M0859,2.52,2.87,2.91,2.72,64.0,2,10,Ya,32,7.4,9,Ya
M0860,3.12,3.18,3.14,3.41,61.9,4,14,Tidak,0,6.4,6,Tidak
M0861,2.9,2.74,2.6,2.35,83.0,0,8,Tidak,0,4.4,9,Tidak
M0862,2.04,2.19,1.94,2.49,81.4,0,7,Ya,13,4.4,8,Tidak
M0863,3.57,3.24,3.03,3.61,75.7,1,12,Tidak,0,9.3,7,Tidak
M0864,3.7,3.9,3.49,3.57,63.4,3,7,Tidak,0,6.2,5,Tidak
M0865,2.49,2.61,2.59,2.59,84.7,2,8,Ya,12,10.2,9,Tidak
M0866,2.61,2.52,2.01,2.32,92.7,2,7,Ya,28,4.4,4,Tidak
M0867,2.94,2.69,2.75,3.08,82.8,1,8,Tidak,0,10.4,4,Tidak
M0868,2.97,2.7,2.69,2.45,71.5,1,12,Ya,39,4.1,8,Ya
M0869,3.13,3.29,3.33,3.17,80.4,0,9,Ya,22,5.1,4,Tidak
M0870,3.81,4.0,3.84,3.44,66.3,1,9,Tidak,0,6.9,7,Tidak
M0871,2.71,2.52,3.44,3.56,90.6,1,13,Tidak,0,8.0,4,Tidak
M0872,2.4,2.54,2.95,3.15,80.8,2,3,Tidak,0,7.4,1,Tidak
M0873,2.11,1.5,1.5,1.5,62.3,2,8,Tidak,0,2.2,10,Ya
M0874,2.43,2.25,2.32,2.18,77.0,3,14,Tidak,0,4.9,9,Ya
M0875,2.78,2.77,2.59,2.19,84.6,2,7,Tidak,0,3.7,4,Tidak
M0876,3.7,3.43,3.13,2.86,76.7,1,15,Tidak,0,3.2,3,Tidak
M0877,2.54,2.26,1.86,2.03,77.2,1,13,Ya,27,6.0,3,Tidak
M0878,2.91,2.71,2.84,2.62,67.8,3,9,Ya,19,1.8,9,Ya
M0879,2.79,2.88,2.68,2.59,85.7,3,19,Tidak,0,8.0,8,Tidak
M0880,3.39,3.33,3.62,3.13,73.5,2,12,Tidak,0,7.5,10,Tidak
M0881,4.0,3.33,3.63,3.69,58.4,2,11,Ya,24,9.2,7,Ya
M0882,2.53,1.89,2.3,2.29,76.3,3,9,Ya,15,3.9,7,Ya
M0883,2.56,2.38,2.12,1.9,89.8,1,11,Tidak,0,4.1,4,Tidak
M0884,3.32,3.46,3.6,3.54,76.1,2,11,Ya,18,8.1,3,Tidak
M0885,3.14,2.32,2.51,2.56,97.4,2,6,Tidak,0,8.3,4,Tidak
M0886,3.72,3.57,3.43,3.19,84.3,1,10,Ya,20,8.7,6,Tidak
M0887,3.09,2.93,2.7,2.26,83.4,1,9,Ya,31,8.3,4,Tidak
M0888,2.62,3.04,3.52,4.0,78.7,3,9,Tidak,0,6.4,4,Tidak
M0889,3.1,2.98,3.05,2.86,79.3,2,10,Tidak,0,5.1,2,Tidak
M0890,3.35,3.46,3.65,3.62,77.4,1,13,Tidak,0,7.5,7,Tidak
M0891,3.21,3.25,3.0,3.3,77.0,2,10,Tidak,0,5.1,6,Tidak
M0892,3.05,2.41,2.04,3.1,85.3,2,4,Tidak,0,6.2,2,Tidak
M0893,3.33,3.56,3.39,3.02,70.6,4,10,Tidak,0,5.2,5,Tidak
M0894,3.38,3.44,3.4,3.53,69.2,1,12,Tidak,0,6.5,6,Tidak
M0895,3.49,3.64,3.32,3.11,68.8,0,9,Tidak,0,8.5,5,Tidak
M0896,3.12,4.0,4.0,3.84,100.0,1,11,Ya,37,5.3,4,Tidak
M0897,2.72,2.09,1.58,1.5,85.3,0,3,Tidak,0,5.0,9,Ya
M0898,2.87,3.39,3.05,2.71,83.0,1,8,Tidak,0,5.8,3,Tidak
M0899,3.4,3.31,3.51,3.5,69.4,0,13,Ya,37,3.6,2,Tidak
M0900,2.39,2.48,2.66,2.22,86.2,0,14,Ya,20,7.3,9,Tidak
M0901,2.98,2.97,2.85,3.13,78.8,0,12,Tidak,0,6.2,8,Tidak
M0902,2.6,2.47,2.16,2.18,82.1,3,11,Tidak,0,5.9,9,Ya
M0903,2.81,2.64,2.33,2.46,70.2,0,10,Ya,37,6.7,10,Ya
M0904,3.44,3.54,3.43,3.29,81.6,0,9,Ya,12,3.1,3,Tidak
M0905,2.9,2.44,2.63,2.52,75.8,1,10,Tidak,0,8.8,1,Tidak
M0906,2.82,3.05,3.33,3.42,72.3,2,7,Tidak,0,5.0,1,Tidak
M0907,2.12,2.0,1.85,1.5,87.3,0,4,Ya,37,5.3,3,Ya
M0908,3.17,2.83,2.48,2.37,64.6,2,12,Tidak,0,7.7,4,Tidak
M0909,3.12,2.98,3.06,2.8,85.6,4,8,Ya,36,7.2,2,Tidak
M0910,3.88,4.0,3.75,3.48,86.8,1,4,Tidak,0,10.0,8,Tidak
M0911,2.65,2.49,2.33,1.7,71.2,2,8,Tidak,0,4.1,3,Tidak
M0912,2.91,3.02,3.42,3.82,71.8,1,6,Tidak,0,4.1,4,Tidak
M0913,2.92,2.7,2.95,2.74,77.8,2,12,Tidak,0,3.6,6,Tidak
M0914,3.59,3.82,3.87,4.0,82.8,0,7,Ya,29,6.3,10,Tidak
M0915,2.75,2.96,2.58,2.9,78.5,4,14,Tidak,0,5.5,6,Tidak
M0916,2.94,3.49,3.55,3.16,84.3,1,3,Ya,27,4.6,2,Tidak
M0917,3.1,3.05,3.37,3.04,97.6,0,11,Tidak,0,5.9,6,Tidak
M0918,2.89,3.09,2.98,3.75,74.9,1,7,Tidak,0,3.9,4,Tidak
M0919,2.58,2.61,3.02,3.55,62.8,1,11,Tidak,0,9.1,5,Tidak
M0920,2.9,3.29,3.68,3.67,88.3,1,8,Tidak,0,4.6,7,Tidak
M0921,3.34,3.12,3.62,3.7,96.8,1,13,Ya,20,4.9,7,Tidak
M0922,2.29,2.51,2.6,2.41,83.9,0,8,Tidak,0,1.2,6,Tidak
M0923,2.87,2.81,2.99,3.12,69.1,2,13,Ya,28,2.7,10,Ya
M0924,2.45,2.43,2.85,2.63,78.8,4,4,Tidak,0,4.8,6,Tidak
M0925,3.4,3.43,3.56,2.95,68.8,3,6,Ya,29,5.4,6,Ya
M0926,2.04,2.12,1.97,1.57,86.4,2,6,Ya,34,7.4,4,Tidak
M0927,2.52,2.49,2.36,2.37,66.5,1,7,Ya,20,3.0,3,Tidak
M0928,2.99,3.05,3.12,2.78,77.0,3,7,Tidak,0,6.9,1,Tidak
M0929,3.58,4.0,3.61,3.59,70.0,0,2,Ya,30,7.2,3,Tidak
M0930,2.77,3.07,3.03,2.71,81.3,0,11,Tidak,0,7.4,3,Tidak
M0931,2.52,2.78,3.11,2.88,76.3,2,12,Ya,17,8.1,9,Tidak
M0932,3.74,3.6,2.94,3.2,81.8,2,13,Ya,24,3.7,3,Tidak
M0933,2.08,1.81,2.27,2.34,80.2,2,17,Tidak,0,7.1,8,Tidak
M0934,1.7,1.99,2.33,2.33,70.1,3,9,Tidak,0,9.5,8,Ya
M0935,3.02,3.28,3.14,3.4,86.3,4,8,Ya,20,8.8,3,Tidak
M0936,2.55,2.99,3.15,3.29,79.5,2,12,Ya,19,9.8,10,Tidak
M0937,2.29,2.11,2.11,2.54,70.1,0,7,Tidak,0,6.5,10,Tidak
M0938,3.15,3.08,3.45,3.31,100.0,0,3,Tidak,0,4.8,6,Tidak
M0939,2.92,2.43,2.72,2.59,84.8,1,8,Tidak,0,1.0,8,Tidak
M0940,2.52,2.4,1.98,1.59,78.5,2,9,Ya,30,3.5,8,Ya
M0941,2.16,2.46,2.64,2.51,94.2,0,9,Tidak,0,4.9,10,Tidak
M0942,3.24,3.1,3.04,3.33,98.4,0,14,Ya,32,5.3,10,Tidak
M0943,3.13,3.32,3.34,3.73,78.5,0,13,Tidak,0,4.4,9,Tidak
M0944,2.75,2.69,2.47,2.76,83.5,1,9,Tidak,0,6.7,9,Tidak
M0945,3.72,3.82,4.0,3.46,70.1,1,4,Tidak,0,6.4,8,Tidak
M0946,2.26,1.92,2.23,2.55,78.5,0,8,Tidak,0,6.1,7,Tidak
M0947,2.04,2.07,1.85,1.5,78.0,0,13,Tidak,0,7.6,10,Tidak
M0948,2.45,1.55,1.5,1.77,81.8,4,8,Ya,24,5.1,3,Ya
M0949,2.78,2.72,2.6,2.49,83.3,1,13,Ya,11,8.2,7,Tidak
M0950,2.92,2.43,2.56,2.77,85.6,1,7,Tidak,0,3.6,4,Tidak
M0951,2.68,3.04,3.11,2.71,82.4,1,9,Tidak,0,5.4,2,Tidak
M0952,2.98,3.21,3.59,3.94,67.9,1,9,Ya,38,6.6,8,Ya
M0953,2.17,2.31,2.55,2.11,70.6,2,8,Tidak,0,2.2,2,Tidak
M0954,3.52,3.98,4.0,3.8,74.5,1,11,Tidak,0,5.0,1,Tidak
M0955,2.76,2.48,2.58,2.28,77.2,2,17,Tidak,0,7.4,5,Tidak
M0956,3.36,3.88,3.46,2.93,90.5,3,10,Tidak,0,5.1,10,Tidak
M0957,2.97,3.25,3.19,3.22,68.4,2,14,Tidak,0,2.4,9,Ya
M0958,3.03,2.96,3.28,3.82,76.4,1,16,Ya,23,4.2,5,Tidak
M0959,3.08,3.42,3.4,4.0,89.5,0,5,Tidak,0,3.3,2,Tidak
M0960,3.02,2.69,2.84,2.87,77.0,3,8,Tidak,0,7.0,10,Tidak
M0961,3.12,2.87,2.77,3.11,84.6,1,8,Ya,29,6.2,4,Tidak
M0962,3.46,3.28,2.97,3.04,78.6,3,13,Tidak,0,2.9,8,Ya
M0963,2.9,2.74,2.7,2.85,82.6,3,8,Tidak,0,2.7,7,Ya
M0964,3.15,2.83,2.92,2.82,77.7,1,8,Ya,38,4.6,5,Tidak
M0965,2.76,3.13,2.93,2.99,86.7,1,15,Ya,32,6.1,4,Tidak
M0966,3.52,3.44,3.37,3.53,64.5,0,7,Ya,23,4.7,5,Tidak
M0967,2.46,2.57,2.29,2.12,76.4,0,7,Tidak,0,6.7,7,Tidak
M0968,3.7,3.53,3.87,3.85,83.0,1,13,Tidak,0,6.6,5,Tidak
M0969,2.78,2.23,2.14,2.12,85.3,1,15,Tidak,0,7.1,8,Tidak
M0970,2.08,2.16,2.6,2.85,94.9,1,6,Tidak,0,3.2,7,Tidak
M0971,2.86,2.29,2.75,2.43,76.1,2,10,Tidak,0,5.4,7,Tidak
M0972,2.46,2.44,2.42,2.4,94.8,1,5,Tidak,0,8.2,9,Tidak
M0973,3.22,2.81,2.51,3.08,73.4,2,8,Tidak,0,4.7,8,Tidak
M0974,2.47,3.07,2.44,2.79,93.3,1,12,Ya,16,4.4,8,Tidak
M0975,2.58,2.85,2.41,2.81,88.2,2,7,Tidak,0,5.0,6,Tidak
M0976,1.86,1.89,1.5,1.51,70.9,1,14,Tidak,0,5.0,7,Tidak
M0977,2.57,2.95,3.36,3.46,83.1,1,7,Ya,36,6.2,8,Tidak
M0978,1.59,1.5,1.53,1.83,79.5,1,17,Tidak,0,4.8,5,Tidak
M0979,2.01,2.17,2.29,2.76,86.3,1,12,Tidak,0,2.0,10,Tidak
M0980,3.18,3.24,2.57,1.98,77.8,1,10,Tidak,0,8.4,2,Tidak
M0981,3.19,3.27,2.91,2.52,76.9,1,15,Tidak,0,7.0,7,Tidak
M0982,3.01,3.39,3.66,4.0,93.7,2,8,Ya,38,6.3,10,Tidak
M0983,2.32,2.54,2.63,2.55,79.0,2,13,Tidak,0,5.8,3,Tidak
M0984,2.78,2.87,2.83,2.63,88.3,1,11,Ya,36,5.4,10,Tidak
M0985,2.8,2.3,2.47,2.09,77.7,0,11,Ya,27,4.4,8,Ya
M0986,2.22,1.93,2.42,2.25,96.7,3,9,Tidak,0,2.2,6,Ya
M0987,3.55,3.51,3.44,3.02,73.2,2,8,Tidak,0,9.3,4,Tidak
M0988,3.24,3.27,3.29,3.92,73.9,3,8,Tidak,0,6.0,2,Tidak
M0989,2.69,2.35,2.41,2.4,95.2,0,11,Tidak,0,2.8,7,Ya
M0990,2.81,3.53,4.0,3.98,75.6,3,10,Tidak,0,3.9,1,Tidak
M0991,2.9,3.35,2.72,2.9,96.0,2,8,Tidak,0,6.6,7,Tidak
M0992,1.78,1.96,2.16,2.45,88.9,2,14,Tidak,0,6.6,10,Tidak
M0993,2.68,2.7,2.67,2.95,78.5,1,13,Ya,22,4.5,10,Tidak
M0994,2.46,2.4,2.57,2.89,61.9,2,8,Ya,15,3.8,7,Tidak
M0995,2.3,2.01,1.81,1.62,79.8,3,10,Tidak,0,4.9,10,Ya
M0996,2.66,2.68,2.67,2.58,81.0,1,9,Tidak,0,2.1,3,Tidak
M0997,3.7,3.78,3.99,4.0,91.7,0,9,Ya,16,5.0,4,Tidak
M0998,3.12,2.75,3.68,3.52,95.9,1,9,Ya,19,5.1,4,Tidak
M0999,2.51,2.61,2.85,2.85,73.2,4,10,Ya,27,9.1,4,Tidak
M1000,3.09,3.04,2.79,2.91,88.0,5,14,Tidak,0,5.1,9,Tidak
M1001,3.5,2.93,2.8,3.04,87.7,3,13,Ya,28,6.5,6,Tidak
M1002,3.26,3.0,2.86,2.33,90.7,2,8,Ya,21,9.2,10,Ya
M1003,2.83,2.71,2.17,2.38,85.0,1,9,Tidak,0,3.9,9,Tidak
M1004,2.48,3.05,2.95,2.88,60.6,1,3,Tidak,0,4.8,4,Tidak
M1005,3.15,3.32,3.54,3.75,78.4,2,14,Tidak,0,4.9,7,Tidak
M1006,3.0,2.6,2.22,2.45,68.4,1,9,Tidak,0,2.7,10,Ya
M1007,3.25,3.4,3.71,4.0,78.0,0,9,Ya,20,5.5,9,Tidak
M1008,3.12,2.66,2.81,3.22,89.8,0,11,Tidak,0,8.3,10,Tidak
M1009,3.32,3.64,3.42,3.82,83.1,2,12,Tidak,0,7.7,3,Tidak
M1010,2.53,2.39,2.35,2.78,91.5,0,9,Tidak,0,8.4,3,Tidak
M1011,3.46,3.43,3.91,4.0,83.4,2,11,Tidak,0,4.7,6,Tidak
M1012,2.9,3.3,3.52,3.53,67.0,2,9,Tidak,0,3.7,8,Tidak
M1013,3.84,3.45,3.45,3.71,54.8,1,12,Ya,14,10.5,1,Tidak
M1014,2.46,2.04,1.97,2.19,81.5,0,10,Tidak,0,6.4,4,Tidak
M1015,3.67,3.49,3.51,3.42,77.9,0,7,Ya,36,2.8,8,Ya
M1016,2.9,3.21,3.06,3.18,70.2,2,8,Tidak,0,11.1,6,Tidak
M1017,2.47,2.01,1.5,1.5,63.0,2,13,Tidak,0,5.8,2,Tidak
M1018,2.56,1.71,2.32,2.06,72.7,0,10,Tidak,0,1.0,8,Ya
M1019,2.64,2.5,2.55,2.94,78.1,2,2,Tidak,0,8.9,1,Tidak
M1020,3.01,3.18,3.3,3.32,86.7,1,9,Tidak,0,1.4,1,Tidak
M1021,3.06,3.42,3.4,4.0,81.9,1,14,Tidak,0,6.6,7,Tidak
M1022,2.51,2.37,2.15,1.66,96.1,2,11,Tidak,0,7.7,10,Tidak
M1023,2.79,2.67,2.61,2.44,69.6,2,14,Tidak,0,7.4,3,Tidak
M1024,3.87,4.0,3.52,3.53,88.8,1,3,Tidak,0,9.1,8,Tidak
M1025,3.66,3.1,3.78,4.0,80.5,1,8,Tidak,0,8.0,9,Tidak
M1026,3.02,2.9,2.53,2.65,86.9,2,12,Tidak,0,9.7,8,Tidak
M1027,2.82,2.88,2.57,2.66,75.6,0,12,Tidak,0,5.8,1,Tidak
M1028,2.86,2.99,2.86,2.52,90.7,3,6,Tidak,0,5.2,1,Tidak
M1029,3.11,2.96,3.35,3.0,83.0,3,15,Tidak,0,5.3,6,Tidak
M1030,2.29,2.3,2.3,2.4,73.2,1,12,Tidak,0,8.7,1,Tidak
M1031,2.67,1.92,1.55,1.5,79.9,4,11,Tidak,0,4.7,8,Ya
M1032,1.97,1.77,2.15,1.99,77.6,0,10,Tidak,0,7.7,6,Tidak
M1033,3.0,3.14,3.36,3.51,84.9,0,9,Ya,32,4.3,5,Tidak
M1034,3.12,2.83,2.99,2.7,68.2,3,6,Tidak,0,4.3,6,Tidak
M1035,2.56,2.58,2.79,3.27,79.7,3,5,Tidak,0,8.4,4,Tidak
M1036,3.59,3.72,4.0,4.0,84.0,1,15,Ya,30,6.9,1,Tidak
M1037,2.19,2.09,2.75,2.28,80.3,2,6,Tidak,0,1.7,7,Ya
M1038,2.07,2.12,1.91,1.63,93.5,4,5,Tidak,0,4.3,10,Ya
M1039,2.91,2.62,3.11,2.42,87.7,0,13,Tidak,0,1.0,9,Ya
M1040,3.32,3.26,3.37,3.14,79.9,1,11,Tidak,0,5.2,4,Tidak
M1041,3.64,3.82,3.97,4.0,82.2,1,8,Tidak,0,5.5,4,Tidak
M1042,2.57,2.62,2.11,1.99,83.0,0,10,Tidak,0,5.1,9,Tidak
M1043,3.34,3.16,3.11,3.25,84.0,1,8,Ya,14,8.4,4,Tidak
M1044,2.78,2.85,2.61,2.15,61.7,4,5,Tidak,0,6.8,10,Ya
M1045,2.71,2.92,3.17,3.41,77.0,4,11,Tidak,0,10.9,4,Tidak
M1046,3.24,2.63,2.95,2.78,65.2,2,18,Tidak,0,7.1,8,Tidak
M1047,3.13,3.48,2.86,2.86,92.8,0,8,Tidak,0,7.1,4,Tidak
M1048,2.01,1.91,1.9,1.87,79.4,1,10,Ya,35,6.5,9,Ya
M1049,3.54,3.67,4.0,3.62,78.1,0,10,Tidak,0,5.5,8,Tidak
M1050,3.49,3.85,3.79,3.44,89.0,0,12,Tidak,0,4.7,5,Tidak
M1051,2.49,2.08,2.3,2.59,84.2,1,7,Ya,40,5.5,9,Tidak
M1052,3.0,2.79,2.9,3.02,68.7,2,7,Tidak,0,5.6,8,Tidak
M1053,3.05,2.96,3.06,3.38,79.3,2,11,Tidak,0,5.8,10,Tidak
M1054,2.93,2.69,2.61,2.71,76.6,5,9,Tidak,0,7.3,4,Tidak
M1055,2.52,3.04,2.68,2.72,62.6,5,10,Tidak,0,6.6,4,Tidak
M1056,2.46,2.2,1.86,1.5,73.1,3,13,Ya,37,5.0,1,Ya
M1057,2.79,2.62,2.83,2.75,78.2,2,10,Tidak,0,4.5,4,Tidak
M1058,3.39,3.45,3.46,3.45,78.9,3,11,Ya,26,6.4,8,Ya
M1059,3.07,2.71,2.67,3.26,65.2,1,7,Tidak,0,4.1,5,Tidak
M1060,2.61,2.49,2.36,2.57,91.5,1,12,Tidak,0,5.1,6,Tidak
M1061,3.19,3.29,3.2,3.66,79.0,3,8,Tidak,0,4.9,4,Tidak
M1062,1.5,1.5,1.81,1.99,80.4,2,12,Tidak,0,10.9,5,Tidak
M1063,3.37,3.34,3.24,3.03,84.0,0,15,Ya,37,3.5,10,Tidak
M1064,1.93,1.77,1.5,1.54,72.1,0,10,Tidak,0,4.4,8,Tidak
M1065,2.62,2.17,2.39,2.46,84.6,1,11,Tidak,0,4.9,9,Tidak
M1066,2.24,2.34,2.28,2.0,76.3,1,13,Tidak,0,5.1,3,Tidak
M1067,2.15,2.68,2.69,2.57,71.0,3,12,Ya,16,8.0,10,Tidak
M1068,3.38,3.39,3.87,3.81,85.7,1,6,Tidak,0,5.5,4,Tidak
M1069,2.57,2.64,2.63,3.11,94.9,2,13,Tidak,0,3.4,1,Tidak
M1070,2.97,3.18,3.27,2.65,87.2,2,11,Tidak,0,8.9,5,Tidak
M1071,2.78,2.4,2.05,2.41,89.2,3,8,Tidak,0,6.5,4,Tidak
M1072,3.04,3.55,3.48,3.2,74.8,1,8,Tidak,0,6.8,6,Tidak
M1073,2.84,2.9,3.08,2.67,64.0,1,6,Tidak,0,7.3,6,Tidak
M1074,2.16,2.65,2.18,2.53,94.9,0,11,Tidak,0,3.5,10,Tidak
M1075,3.3,3.08,3.14,3.36,100.0,2,12,Ya,33,6.0,6,Tidak
M1076,2.55,3.1,3.13,3.51,95.4,0,7,Tidak,0,7.6,3,Tidak
M1077,2.02,2.25,2.26,2.5,76.6,3,7,Tidak,0,4.7,7,Tidak
M1078,2.59,2.76,3.07,3.69,68.5,1,14,Ya,10,6.6,3,Tidak
M1079,3.55,3.62,3.72,3.89,69.3,0,9,Ya,37,7.1,6,Tidak
M1080,3.23,3.16,3.6,3.55,63.2,3,10,Ya,21,3.1,10,Ya
M1081,2.63,2.99,2.69,2.79,78.9,3,14,Tidak,0,3.9,1,Tidak
M1082,2.63,2.67,2.71,3.08,96.1,2,12,Ya,31,1.4,8,Ya
M1083,2.64,2.05,2.08,1.85,78.6,0,6,Ya,15,6.5,7,Tidak
M1084,3.84,3.5,3.18,2.98,83.0,0,12,Tidak,0,9.8,9,Tidak
M1085,2.99,2.93,3.22,3.13,93.8,1,12,Tidak,0,4.6,3,Tidak
M1086,3.02,3.11,3.81,3.18,76.0,2,11,Tidak,0,5.6,8,Tidak
M1087,3.32,3.3,3.29,3.33,100.0,1,11,Tidak,0,8.0,2,Tidak
M1088,2.92,3.29,3.44,2.87,99.9,2,6,Tidak,0,6.5,9,Tidak
M1089,2.67,2.08,2.11,2.13,78.7,0,10,Tidak,0,4.1,1,Tidak
M1090,2.7,2.74,2.53,2.79,74.2,4,14,Tidak,0,9.1,10,Tidak
M1091,2.76,2.21,1.66,1.52,87.0,2,12,Tidak,0,6.4,7,Tidak
M1092,2.78,3.01,2.8,3.3,76.5,3,16,Tidak,0,5.5,10,Tidak
M1093,3.16,3.13,2.71,2.27,68.4,1,11,Ya,15,5.7,1,Tidak
M1094,2.83,2.96,3.47,3.83,92.8,1,8,Tidak,0,7.2,6,Tidak
M1095,3.17,2.91,2.88,3.08,92.2,2,5,Tidak,0,4.8,1,Tidak
M1096,2.76,3.14,3.04,2.53,81.6,2,8,Tidak,0,9.1,4,Tidak
M1097,2.84,3.15,3.42,4.0,67.4,3,5,Tidak,0,8.5,7,Ya
M1098,1.8,1.98,1.64,1.62,67.7,0,14,Tidak,0,6.0,2,Tidak
M1099,3.26,3.22,2.99,2.73,81.1,1,8,Tidak,0,6.1,3,Tidak
M1100,2.97,3.14,3.16,2.74,75.0,2,12,Tidak,0,4.3,4,Tidak
M1101,3.3,3.09,3.4,3.33,76.6,1,11,Tidak,0,4.7,6,Tidak
M1102,1.5,1.76,1.91,1.87,90.2,2,7,Tidak,0,3.7,9,Tidak
M1103,3.84,4.0,4.0,4.0,87.3,2,13,Tidak,0,5.6,4,Tidak
M1104,2.73,3.05,3.07,2.98,93.8,1,10,Tidak,0,6.1,6,Tidak
M1105,3.35,3.13,3.25,3.44,70.1,1,10,Tidak,0,2.8,7,Tidak
M1106,2.28,2.39,2.45,2.33,76.6,1,10,Tidak,0,7.4,4,Tidak
M1107,3.11,2.72,2.41,1.83,87.6,1,9,Ya,25,4.3,6,Tidak
M1108,2.27,2.44,2.45,2.41,84.5,4,9,Tidak,0,6.8,3,Tidak
M1109,2.49,2.63,2.31,1.6,95.3,2,8,Ya,24,7.6,5,Tidak
M1110,3.76,3.2,3.22,3.33,84.2,3,6,Tidak,0,8.6,10,Tidak
M1111,2.7,2.35,2.21,1.92,98.5,0,6,Tidak,0,8.2,4,Tidak
M1112,2.91,2.83,3.59,3.64,85.4,1,9,Tidak,0,9.3,7,Tidak
M1113,3.24,3.15,3.14,3.53,90.6,1,10,Tidak,0,7.6,6,Tidak
M1114,3.05,2.69,2.27,1.99,76.8,1,10,Tidak,0,6.3,7,Tidak
M1115,2.88,3.0,2.96,3.28,80.1,2,8,Tidak,0,5.1,6,Tidak
M1116,2.98,3.06,3.22,3.09,89.1,1,10,Tidak,0,5.8,2,Tidak
M1117,4.0,3.94,4.0,4.0,96.1,1,9,Tidak,0,9.3,7,Tidak
M1118,2.77,2.54,2.36,2.25,87.3,1,8,Ya,37,5.6,8,Ya
M1119,2.9,3.21,2.74,2.49,79.2,2,9,Ya,29,6.0,7,Ya
M1120,3.33,3.83,4.0,4.0,93.8,0,15,Tidak,0,9.0,4,Tidak
M1121,3.35,3.2,2.79,2.66,58.1,2,7,Ya,35,5.5,4,Tidak
M1122,3.39,3.21,3.08,2.83,65.8,2,10,Tidak,0,4.4,5,Tidak
M1123,3.12,3.27,3.19,3.05,86.8,2,12,Ya,16,8.3,9,Tidak
M1124,2.23,2.12,2.1,2.09,80.1,4,9,Tidak,0,4.3,5,Tidak
M1125,3.62,3.58,3.79,4.0,86.1,1,10,Tidak,0,6.8,2,Tidak
M1126,2.23,2.45,2.24,1.66,80.6,2,7,Tidak,0,6.5,5,Tidak
M1127,2.95,2.38,2.3,2.31,85.7,1,10,Ya,13,6.6,3,Tidak
M1128,2.42,2.82,2.82,3.01,71.9,3,9,Ya,34,1.2,10,Ya
M1129,2.77,2.79,2.83,2.89,85.7,1,10,Tidak,0,7.6,8,Tidak
M1130,2.96,2.84,2.87,3.26,89.9,4,11,Ya,15,5.9,10,Tidak
M1131,2.96,2.93,3.06,3.04,92.2,0,17,Tidak,0,7.2,10,Tidak
M1132,3.01,3.0,3.25,3.19,100.0,2,7,Tidak,0,7.0,2,Tidak
M1133,3.61,3.09,3.21,3.39,82.4,0,10,Ya,22,6.6,4,Tidak
M1134,3.03,3.48,3.62,3.65,82.7,2,11,Tidak,0,5.2,5,Tidak
M1135,2.68,2.69,2.22,2.1,64.8,2,12,Tidak,0,5.2,4,Tidak
M1136,3.28,3.41,3.43,3.58,74.7,0,6,Tidak,0,5.9,5,Tidak
M1137,3.39,3.68,3.82,3.62,78.1,3,11,Tidak,0,6.3,10,Tidak
M1138,2.19,1.88,2.1,1.92,90.5,4,5,Tidak,0,5.2,4,Tidak
M1139,3.1,3.24,3.03,2.87,73.9,1,13,Tidak,0,7.9,3,Tidak
M1140,3.15,3.07,2.87,3.28,88.0,2,13,Tidak,0,5.3,1,Tidak
M1141,2.65,2.9,2.73,1.76,80.0,2,6,Ya,23,4.0,4,Tidak
M1142,3.49,2.85,3.01,3.13,78.2,0,5,Tidak,0,7.2,9,Tidak
M1143,2.72,2.69,3.0,3.01,82.5,1,9,Tidak,0,9.8,1,Tidak
M1144,2.86,2.68,2.56,2.06,76.1,1,3,Tidak,0,3.7,7,Ya
M1145,2.71,2.84,3.11,3.2,75.7,3,6,Tidak,0,5.7,3,Tidak
M1146,2.81,2.95,2.99,3.13,63.0,0,13,Tidak,0,8.1,8,Tidak
M1147,2.25,2.04,2.0,2.18,77.5,3,14,Tidak,0,7.1,6,Tidak
M1148,2.08,1.87,1.81,1.5,75.2,0,13,Tidak,0,7.2,1,Tidak
M1149,3.6,3.57,3.79,4.0,74.8,2,8,Tidak,0,6.1,10,Tidak
M1150,2.38,2.11,2.21,1.99,84.2,2,9,Tidak,0,1.0,5,Tidak
M1151,2.3,2.55,3.23,3.44,86.6,2,11,Tidak,0,6.5,8,Tidak
M1152,1.72,1.61,1.5,1.72,82.3,1,15,Tidak,0,6.7,3,Tidak
M1153,2.48,1.61,1.77,1.51,90.0,0,8,Ya,24,8.3,4,Tidak
M1154,2.14,2.03,1.87,2.07,85.8,4,11,Tidak,0,4.5,7,Ya
M1155,3.62,3.31,3.05,2.93,77.0,0,13,Ya,14,9.4,6,Tidak
M1156,3.3,2.81,2.81,2.19,75.4,2,10,Ya,37,5.4,7,Ya
M1157,2.46,2.09,2.13,2.48,83.1,0,9,Tidak,0,5.0,9,Tidak
M1158,3.93,3.96,4.0,3.77,85.7,0,12,Tidak,0,4.6,9,Tidak
M1159,3.29,3.69,3.63,3.37,94.0,4,8,Tidak,0,8.1,2,Tidak
M1160,2.64,2.73,2.39,2.27,91.9,2,10,Tidak,0,3.8,3,Tidak
M1161,1.55,1.5,1.58,1.66,74.6,1,8,Tidak,0,7.3,4,Tidak
M1162,3.95,4.0,3.38,3.36,79.0,1,12,Tidak,0,4.4,6,Tidak
M1163,2.11,1.97,1.94,2.1,86.7,1,9,Ya,37,5.9,5,Tidak
M1164,1.98,1.77,1.77,1.5,90.7,0,8,Tidak,0,3.0,6,Tidak
M1165,3.31,2.96,3.2,2.98,89.4,3,11,Tidak,0,7.6,8,Tidak
M1166,4.0,3.47,3.76,3.73,79.4,0,14,Tidak,0,5.7,2,Tidak
M1167,3.49,3.37,3.22,3.79,67.5,0,16,Ya,24,7.1,6,Tidak
M1168,3.08,3.13,3.08,3.05,70.0,2,7,Ya,38,5.6,9,Tidak
M1169,3.1,3.07,2.84,3.17,82.7,4,7,Tidak,0,7.1,5,Tidak
M1170,3.23,3.11,2.77,2.78,83.4,1,11,Tidak,0,5.9,1,Tidak
M1171,3.18,2.9,2.99,2.84,69.0,1,9,Tidak,0,7.5,8,Tidak
M1172,2.94,3.12,2.74,2.67,80.4,1,10,Ya,16,7.1,4,Tidak
M1173,2.85,2.45,2.33,2.28,86.3,0,12,Tidak,0,6.4,8,Tidak
M1174,2.77,3.0,2.7,2.88,68.5,3,9,Tidak,0,4.2,4,Tidak
M1175,2.42,2.12,2.28,2.69,91.0,0,18,Tidak,0,5.1,8,Tidak
M1176,2.66,2.43,2.97,3.08,76.2,1,10,Tidak,0,4.5,9,Tidak
M1177,1.95,1.51,1.5,1.86,92.6,2,11,Ya,22,8.9,5,Tidak
M1178,2.75,2.6,2.04,1.75,74.7,2,11,Tidak,0,7.6,5,Tidak
M1179,2.31,2.6,2.56,2.44,69.7,1,7,Ya,31,6.1,2,Ya
M1180,2.25,2.4,2.4,2.18,75.4,0,11,Tidak,0,4.9,9,Tidak
M1181,2.89,3.18,3.25,3.34,79.0,3,10,Ya,31,4.4,4,Tidak
M1182,3.5,3.66,3.53,3.42,76.1,2,7,Tidak,0,6.2,3,Tidak
M1183,3.26,2.93,2.87,3.09,77.8,2,9,Tidak,0,9.7,2,Tidak
M1184,2.01,1.91,2.02,1.74,83.3,3,12,Tidak,0,6.0,3,Tidak
M1185,2.31,2.08,2.39,2.4,78.3,3,15,Tidak,0,8.4,4,Tidak
M1186,3.27,3.67,3.08,3.29,79.3,1,5,Ya,22,6.6,9,Tidak
M1187,2.31,1.95,1.84,1.5,62.9,3,10,Tidak,0,7.1,6,Ya
M1188,2.69,2.96,3.02,3.66,83.9,1,6,Tidak,0,5.0,10,Tidak
M1189,3.08,3.35,3.07,2.99,79.1,3,16,Tidak,0,5.6,5,Tidak
M1190,2.32,2.87,3.39,2.78,96.1,1,11,Tidak,0,4.3,9,Tidak
M1191,2.85,2.73,2.54,2.59,70.6,3,11,Ya,10,6.6,8,Tidak
M1192,2.13,2.34,2.33,2.34,61.9,2,12,Tidak,0,5.5,6,Tidak
M1193,2.5,3.18,3.35,3.33,86.2,3,12,Tidak,0,6.7,3,Tidak
M1194,2.96,2.77,2.59,2.89,83.5,0,15,Tidak,0,4.0,7,Tidak
M1195,2.0,1.54,1.5,1.72,69.9,0,2,Tidak,0,6.9,10,Ya
M1196,3.02,2.46,2.33,2.42,64.7,1,8,Tidak,0,6.3,6,Tidak
M1197,2.79,3.0,3.31,3.45,95.4,1,11,Ya,38,6.3,8,Tidak
M1198,3.08,2.52,2.42,2.39,94.1,1,12,Tidak,0,6.8,6,Tidak
M1199,2.91,2.8,2.55,3.08,55.1,2,5,Tidak,0,5.5,10,Tidak
M1200,3.48,3.61,3.89,3.45,75.4,1,6,Ya,16,13.6,4,Tidak
M1201,2.86,2.92,2.82,2.86,96.6,1,11,Ya,19,6.9,10,Tidak
M1202,2.59,2.72,2.57,2.59,75.2,3,12,Tidak,0,6.2,7,Tidak
M1203,2.86,2.93,2.97,3.21,75.1,1,7,Ya,36,7.5,7,Tidak
M1204,3.07,3.45,3.68,3.43,77.2,2,11,Ya,39,5.0,8,Tidak
M1205,2.82,2.53,3.24,2.72,68.8,3,17,Tidak,0,4.9,2,Tidak
M1206,2.82,2.62,2.87,2.92,63.0,2,8,Tidak,0,7.6,6,Tidak
M1207,2.45,2.22,2.57,2.65,90.5,1,8,Ya,37,7.8,3,Tidak
M1208,2.47,2.72,2.57,3.02,61.6,0,10,Tidak,0,8.4,8,Tidak
M1209,2.1,2.37,2.06,1.68,82.5,4,12,Tidak,0,3.1,4,Tidak
M1210,3.67,3.81,3.83,4.0,88.9,1,15,Tidak,0,5.7,4,Tidak
M1211,2.18,2.54,2.57,3.28,65.5,0,9,Tidak,0,6.7,2,Tidak
M1212,2.45,2.1,1.78,1.67,70.8,2,15,Tidak,0,7.4,6,Tidak
M1213,2.44,2.94,2.89,2.5,92.1,1,13,Ya,32,7.1,6,Tidak
M1214,3.25,3.71,3.83,3.71,85.3,3,10,Tidak,0,4.3,1,Tidak
M1215,2.65,2.87,2.98,2.98,73.8,1,10,Ya,28,7.0,8,Tidak
M1216,3.42,3.95,4.0,4.0,92.0,1,8,Ya,23,6.6,3,Tidak
M1217,2.46,1.96,2.05,1.87,92.1,0,9,Tidak,0,6.6,1,Tidak
M1218,2.94,2.78,2.63,3.1,82.7,1,10,Ya,34,3.8,10,Tidak
M1219,2.38,2.16,2.01,1.68,71.0,0,4,Tidak,0,4.1,1,Tidak
M1220,3.87,4.0,3.64,3.12,75.9,2,4,Tidak,0,9.6,1,Tidak
M1221,2.21,1.89,2.43,2.76,82.9,1,6,Tidak,0,8.0,5,Tidak
M1222,2.95,3.18,3.18,2.5,78.1,1,9,Ya,10,5.9,5,Tidak
M1223,3.12,3.53,3.46,3.4,89.4,1,4,Tidak,0,5.9,1,Tidak
M1224,3.01,3.22,2.94,3.88,64.7,2,8,Tidak,0,10.4,5,Tidak
M1225,2.71,2.8,3.68,3.68,65.1,1,12,Tidak,0,6.1,7,Tidak
M1226,2.74,2.44,2.12,1.78,81.8,1,16,Tidak,0,5.8,5,Tidak
M1227,2.82,2.57,2.44,2.42,75.1,1,12,Ya,21,4.4,9,Ya
M1228,2.73,3.1,3.22,3.2,73.7,2,13,Ya,15,5.5,4,Tidak
M1229,3.28,3.51,3.69,3.74,62.3,0,11,Tidak,0,2.6,9,Ya
M1230,3.91,3.9,4.0,4.0,80.2,3,12,Ya,12,7.0,8,Tidak
M1231,2.52,2.39,2.93,2.62,79.5,1,14,Tidak,0,8.5,1,Tidak
M1232,2.12,1.51,1.66,2.17,86.5,1,7,Tidak,0,8.5,4,Tidak
M1233,2.76,2.44,2.12,2.19,80.7,1,7,Tidak,0,4.6,7,Tidak
M1234,4.0,4.0,3.92,4.0,78.7,3,7,Tidak,0,1.4,1,Tidak
M1235,2.4,2.02,2.11,1.92,91.8,3,13,Tidak,0,6.7,8,Ya
M1236,3.62,3.68,4.0,4.0,66.9,0,7,Tidak,0,8.6,2,Tidak
M1237,3.64,3.94,3.52,3.44,85.4,0,10,Tidak,0,2.8,8,Tidak
M1238,2.52,2.14,2.5,2.58,63.3,2,10,Tidak,0,5.3,4,Tidak
M1239,3.08,3.14,3.19,2.91,71.6,3,8,Tidak,0,6.7,8,Tidak
M1240,3.61,3.89,4.0,3.7,67.9,1,10,Tidak,0,4.3,1,Tidak
M1241,2.61,2.61,2.58,2.79,87.8,0,9,Tidak,0,2.5,5,Tidak
M1242,2.7,3.56,3.31,3.18,79.3,0,11,Tidak,0,4.5,9,Tidak
M1243,2.51,2.01,2.24,1.98,79.9,1,8,Ya,15,4.9,7,Tidak
M1244,2.29,2.61,2.81,2.62,68.9,0,11,Ya,24,2.2,3,Ya
M1245,2.48,2.43,2.72,2.93,77.0,0,7,Ya,11,8.1,4,Tidak
M1246,2.19,2.42,2.42,2.23,72.4,0,4,Ya,24,9.1,10,Ya
M1247,2.82,2.95,2.77,2.73,83.8,2,11,Tidak,0,6.1,7,Tidak
M1248,2.42,2.2,1.73,1.73,70.1,1,9,Ya,26,7.5,6,Tidak
M1249,2.92,2.99,3.24,2.66,93.3,0,13,Tidak,0,3.0,4,Tidak
M1250,2.02,1.5,1.63,1.5,63.2,1,16,Tidak,0,5.7,3,Tidak
M1251,2.97,3.15,2.86,2.96,71.9,4,14,Ya,18,4.8,2,Tidak
M1252,3.22,3.31,3.15,2.93,96.8,1,12,Ya,30,6.8,10,Tidak
M1253,1.8,1.99,1.85,2.17,75.6,1,7,Tidak,0,1.0,9,Ya
M1254,2.99,3.31,2.87,3.16,66.9,2,11,Tidak,0,5.4,3,Tidak
M1255,3.41,3.52,3.27,3.49,82.2,1,4,Tidak,0,7.3,7,Tidak
M1256,2.2,2.24,1.9,2.45,75.2,3,11,Tidak,0,6.5,1,Tidak
M1257,3.64,3.38,3.26,3.24,71.6,0,6,Tidak,0,7.6,8,Tidak
M1258,3.01,2.8,2.58,2.77,69.0,1,10,Tidak,0,4.8,1,Tidak
M1259,2.45,2.81,2.32,2.14,100.0,0,4,Ya,30,1.0,2,Ya
M1260,2.77,3.2,3.81,4.0,77.5,2,6,Tidak,0,8.2,1,Tidak
M1261,3.08,3.01,3.39,3.99,60.7,0,13,Ya,35,7.5,4,Tidak
M1262,2.84,2.85,2.62,2.62,94.9,1,11,Tidak,0,9.1,2,Tidak
M1263,3.07,2.8,2.88,3.0,86.1,2,7,Tidak,0,6.1,1,Tidak
M1264,2.34,2.69,2.82,3.23,72.3,0,14,Tidak,0,6.8,1,Tidak
M1265,2.88,3.08,3.44,3.4,70.7,0,13,Ya,23,10.7,2,Tidak
M1266,2.09,2.67,2.42,2.22,86.7,2,11,Tidak,0,2.3,6,Tidak
M1267,2.74,2.48,2.81,3.07,77.5,0,11,Tidak,0,6.9,2,Tidak
M1268,2.35,2.24,2.08,2.1,60.7,0,4,Tidak,0,8.4,2,Ya
M1269,2.43,2.5,2.1,2.15,97.9,2,11,Ya,27,6.4,8,Ya
M1270,3.42,3.61,3.83,3.58,75.7,3,12,Tidak,0,6.1,5,Tidak
M1271,3.35,3.29,3.68,3.16,95.0,0,8,Tidak,0,3.0,8,Tidak
M1272,3.1,2.84,3.62,3.69,92.8,0,12,Tidak,0,8.9,8,Tidak
M1273,2.25,2.51,2.15,2.42,70.0,3,10,Tidak,0,8.1,2,Tidak
M1274,2.64,2.86,3.07,3.0,90.3,1,6,Tidak,0,8.6,7,Tidak
M1275,3.41,3.14,3.02,3.45,73.5,1,8,Ya,40,6.0,9,Tidak
M1276,2.87,3.28,3.52,3.31,61.3,0,11,Ya,37,5.4,8,Ya
M1277,3.96,4.0,3.56,3.24,75.8,1,12,Tidak,0,6.0,9,Tidak
M1278,3.0,3.04,2.66,2.64,84.0,1,12,Tidak,0,9.4,8,Tidak
M1279,2.9,2.92,2.69,2.67,75.4,3,8,Ya,32,5.5,4,Tidak
M1280,2.65,2.82,2.84,3.07,76.9,4,14,Tidak,0,9.0,10,Tidak
M1281,2.87,2.61,2.42,2.19,91.4,1,8,Tidak,0,5.7,7,Tidak
M1282,2.72,2.73,2.93,3.34,81.1,3,6,Ya,22,4.3,9,Ya
M1283,3.15,2.5,2.81,3.4,71.6,1,16,Tidak,0,1.8,9,Tidak
M1284,3.28,3.54,3.72,3.71,87.0,1,9,Ya,13,7.1,4,Tidak
M1285,2.41,1.94,2.43,2.8,82.0,1,11,Ya,20,7.5,7,Tidak
M1286,2.13,2.58,2.7,2.38,54.8,2,7,Tidak,0,3.7,6,Tidak
M1287,1.88,1.78,1.5,1.82,84.3,0,5,Tidak,0,9.0,3,Tidak
M1288,3.05,2.99,3.4,3.71,83.9,1,11,Ya,25,3.2,10,Tidak
M1289,2.25,2.06,1.88,2.14,80.2,2,5,Tidak,0,7.4,6,Tidak
M1290,1.72,1.63,1.9,1.9,88.9,1,12,Ya,26,7.5,8,Ya
M1291,2.99,3.42,3.89,3.0,73.3,3,11,Ya,13,8.1,2,Tidak
M1292,4.0,3.25,3.39,3.2,83.4,1,13,Ya,29,2.1,3,Tidak
M1293,2.8,3.18,2.73,2.54,64.3,2,14,Ya,27,8.1,8,Ya
M1294,3.22,3.32,3.04,2.75,84.1,1,12,Ya,10,5.7,4,Tidak
M1295,2.84,2.48,2.88,2.92,99.5,0,17,Tidak,0,5.3,4,Tidak
M1296,2.75,2.43,2.38,2.25,70.1,0,6,Tidak,0,7.7,2,Tidak
M1297,3.26,3.76,3.78,3.53,72.4,1,11,Ya,39,7.9,10,Tidak
M1298,2.65,2.37,2.6,2.28,72.9,1,5,Ya,18,2.0,1,Tidak
M1299,2.93,2.58,2.79,2.58,81.3,0,7,Ya,30,3.4,7,Tidak
M1300,2.96,3.3,3.38,3.72,69.4,1,9,Tidak,0,8.4,4,Tidak
M1301,2.47,2.57,2.51,2.31,84.2,2,9,Tidak,0,6.9,6,Tidak
M1302,3.3,3.02,2.93,2.78,88.5,1,8,Ya,16,6.4,8,Tidak
M1303,2.71,2.77,3.03,2.89,85.3,3,7,Tidak,0,4.0,7,Tidak
M1304,2.42,2.11,2.28,2.38,62.3,3,10,Tidak,0,6.9,7,Ya
M1305,3.07,3.4,3.32,3.46,90.0,0,5,Ya,28,8.4,6,Tidak
M1306,2.35,2.67,2.99,2.08,89.4,1,8,Tidak,0,10.6,4,Tidak
M1307,2.81,2.97,2.93,3.24,88.3,1,9,Tidak,0,5.3,4,Tidak
M1308,2.8,2.91,2.65,3.08,83.7,0,14,Ya,28,7.8,9,Tidak
M1309,3.34,3.87,3.64,3.32,82.2,0,12,Tidak,0,9.7,5,Tidak
M1310,3.04,3.04,2.75,2.46,90.3,1,10,Tidak,0,3.1,9,Tidak
M1311,2.79,2.44,2.36,2.22,99.2,0,7,Tidak,0,9.6,9,Tidak
M1312,3.21,3.34,3.71,3.48,70.5,2,11,Tidak,0,6.4,4,Tidak
M1313,3.5,4.0,3.76,3.83,90.8,1,11,Tidak,0,6.1,2,Tidak
M1314,3.08,2.78,2.84,2.26,79.1,2,7,Tidak,0,4.9,2,Tidak
M1315,2.81,2.7,2.5,2.16,78.7,5,12,Tidak,0,5.3,9,Ya
M1316,2.14,2.26,2.18,2.64,64.6,1,14,Tidak,0,4.5,9,Tidak
M1317,2.27,2.25,1.8,1.52,77.2,1,15,Ya,26,4.1,3,Tidak
M1318,2.65,2.36,2.29,2.66,70.0,2,9,Tidak,0,6.9,5,Tidak
M1319,2.5,2.84,2.78,2.89,75.4,0,8,Tidak,0,8.2,5,Tidak
M1320,2.71,3.41,3.57,3.03,69.0,2,7,Tidak,0,3.9,2,Tidak
M1321,2.83,2.89,2.96,3.15,75.5,1,8,Tidak,0,4.6,2,Tidak
M1322,3.06,2.79,2.43,2.39,75.9,1,9,Tidak,0,6.5,10,Tidak
M1323,2.76,2.3,2.63,2.49,81.0,1,9,Ya,23,3.8,1,Tidak
M1324,3.04,3.12,3.18,3.25,63.9,1,13,Tidak,0,6.5,2,Tidak
M1325,2.83,3.16,3.22,3.36,65.5,1,13,Tidak,0,5.5,7,Tidak
M1326,1.81,1.95,1.95,2.16,83.6,1,13,Tidak,0,2.7,1,Tidak
M1327,2.33,2.33,2.17,2.52,72.0,1,11,Tidak,0,6.9,1,Tidak
M1328,2.73,2.55,2.62,2.74,90.7,3,13,Tidak,0,4.9,9,Tidak
M1329,2.2,1.87,2.01,1.6,82.3,1,8,Tidak,0,8.1,2,Tidak
M1330,3.1,3.35,2.83,2.69,86.1,0,8,Tidak,0,5.6,4,Tidak
M1331,3.57,3.84,3.68,4.0,94.1,3,18,Ya,31,4.6,3,Tidak
M1332,3.41,2.95,2.87,3.09,76.9,0,15,Ya,12,5.9,4,Tidak
M1333,2.69,3.17,3.25,3.96,74.3,3,15,Tidak,0,8.5,7,Tidak
M1334,3.55,3.72,4.0,4.0,88.7,2,7,Tidak,0,9.7,10,Tidak
M1335,2.87,3.29,3.06,3.13,85.1,1,12,Tidak,0,7.2,2,Tidak
M1336,2.63,2.23,2.08,2.17,78.1,2,12,Ya,38,4.8,2,Tidak
M1337,2.49,2.08,1.93,1.92,93.9,4,10,Tidak,0,6.1,9,Ya
M1338,2.65,2.61,2.37,1.85,77.9,1,11,Ya,35,5.8,6,Tidak
M1339,2.61,2.76,2.66,2.67,80.3,0,11,Tidak,0,5.7,7,Tidak
M1340,2.89,3.43,3.66,4.0,80.2,4,11,Tidak,0,5.5,5,Tidak
M1341,2.88,3.09,2.77,2.59,70.7,2,10,Ya,25,4.1,5,Tidak
M1342,2.8,2.73,2.86,2.98,80.8,3,7,Ya,26,8.0,4,Tidak
M1343,3.02,2.71,2.2,2.46,94.0,3,6,Ya,39,7.7,8,Ya
M1344,3.4,3.77,3.6,3.33,84.4,4,9,Ya,20,6.0,7,Tidak
M1345,3.27,2.98,2.88,2.74,80.3,0,14,Tidak,0,8.5,10,Tidak
M1346,2.06,2.55,3.05,2.74,78.4,1,8,Ya,11,7.2,2,Tidak
M1347,1.52,1.5,1.5,1.5,83.3,1,8,Tidak,0,3.8,2,Tidak
M1348,3.27,3.75,3.09,2.7,87.5,1,8,Tidak,0,5.3,6,Tidak
M1349,2.12,2.32,1.72,1.5,86.1,1,8,Tidak,0,9.0,1,Tidak
M1350,2.69,2.65,2.66,3.09,76.7,0,14,Ya,36,5.3,7,Tidak
M1351,2.21,2.05,2.23,1.96,83.2,1,11,Tidak,0,4.6,8,Tidak
M1352,1.9,1.8,1.91,1.95,84.8,1,12,Tidak,0,7.4,10,Tidak
M1353,3.07,3.2,3.25,3.1,69.9,5,16,Tidak,0,5.4,8,Ya
M1354,3.18,3.2,3.55,3.9,81.7,1,13,Tidak,0,7.1,3,Tidak
M1355,2.51,2.33,2.17,2.56,58.4,2,11,Ya,34,5.9,7,Ya
M1356,1.5,1.5,1.77,2.03,84.8,2,9,Ya,18,4.4,1,Tidak
M1357,2.53,2.55,2.06,2.15,86.6,2,7,Tidak,0,4.6,3,Tidak
M1358,3.0,2.36,2.09,2.02,87.5,3,6,Tidak,0,2.6,6,Ya
M1359,2.06,2.2,1.66,1.5,76.0,2,12,Tidak,0,3.8,9,Tidak
M1360,2.89,2.6,2.52,3.1,83.1,1,12,Tidak,0,7.3,5,Tidak
M1361,2.79,2.44,2.43,2.2,94.2,1,10,Tidak,0,8.4,5,Tidak
M1362,3.09,2.58,2.61,2.81,94.1,2,8,Tidak,0,4.8,9,Tidak
M1363,2.86,2.32,2.34,2.66,79.7,1,12,Ya,18,3.3,9,Tidak
M1364,2.31,1.9,1.62,1.5,81.4,3,9,Tidak,0,8.3,6,Tidak
M1365,3.4,3.19,3.13,3.44,91.1,4,10,Ya,24,8.3,5,Tidak
M1366,2.72,3.31,2.86,3.09,65.0,2,7,Tidak,0,7.4,10,Tidak
M1367,2.79,2.63,3.04,3.56,76.8,1,11,Tidak,0,3.1,2,Tidak
M1368,2.33,2.38,2.29,2.15,93.4,0,13,Tidak,0,7.0,8,Tidak
M1369,2.58,2.7,2.55,2.16,89.8,1,7,Tidak,0,7.1,8,Tidak
M1370,2.36,2.4,2.88,2.73,83.7,1,9,Tidak,0,7.8,7,Tidak
M1371,2.71,2.69,2.32,2.38,64.9,0,14,Tidak,0,6.3,8,Ya
M1372,3.66,3.3,2.96,2.98,79.5,0,9,Tidak,0,4.5,3,Tidak
M1373,2.11,2.55,2.22,2.1,74.1,0,8,Tidak,0,5.2,3,Tidak
M1374,1.99,2.53,2.51,1.94,83.3,1,13,Tidak,0,8.4,2,Tidak
M1375,3.54,3.04,3.17,3.31,71.9,3,7,Tidak,0,6.8,1,Tidak
M1376,2.7,2.39,2.61,3.2,69.7,1,10,Ya,33,3.4,3,Tidak
M1377,2.47,2.39,3.16,3.3,59.4,1,8,Ya,13,9.4,3,Tidak
M1378,3.32,3.03,2.36,2.54,92.2,1,9,Ya,27,8.3,7,Tidak
M1379,2.5,2.65,2.83,3.0,76.0,2,12,Tidak,0,9.3,10,Tidak
M1380,3.71,3.49,3.32,3.44,81.6,5,11,Tidak,0,8.3,9,Tidak
M1381,3.14,3.79,3.61,3.89,80.0,2,12,Tidak,0,4.1,1,Tidak
M1382,2.56,2.92,2.73,2.85,69.3,3,11,Tidak,0,6.7,8,Ya
M1383,3.88,3.94,3.67,3.58,67.4,3,15,Tidak,0,7.2,1,Tidak
M1384,2.5,2.81,3.32,3.08,69.9,1,9,Ya,38,3.3,3,Tidak
M1385,3.17,3.5,3.75,3.68,72.8,2,9,Ya,34,3.7,4,Tidak
M1386,2.95,2.78,2.79,2.88,83.7,1,4,Tidak,0,7.5,8,Tidak
M1387,3.45,3.21,3.62,3.53,72.0,0,18,Tidak,0,7.6,1,Tidak
M1388,3.58,3.6,3.15,3.24,97.5,1,10,Ya,35,10.7,2,Tidak
M1389,2.82,3.08,2.68,2.81,90.3,5,7,Tidak,0,5.5,5,Tidak
M1390,2.42,2.46,1.81,2.06,88.1,1,8,Tidak,0,2.6,6,Tidak
M1391,3.03,2.56,2.35,2.73,78.8,2,7,Tidak,0,5.7,5,Tidak
M1392,2.46,2.22,2.27,2.29,95.1,1,16,Ya,28,7.7,3,Tidak
M1393,3.81,3.79,3.82,3.43,77.8,2,17,Tidak,0,5.3,10,Tidak
M1394,2.87,2.85,2.89,2.79,79.7,5,12,Ya,13,6.2,7,Tidak
M1395,2.62,3.21,2.79,2.8,81.7,0,16,Tidak,0,4.7,1,Tidak
M1396,2.89,2.47,2.71,2.16,87.0,1,15,Tidak,0,8.4,2,Tidak
M1397,2.13,2.28,2.35,2.77,86.4,2,6,Tidak,0,7.5,9,Tidak
M1398,2.31,2.76,2.98,3.02,75.2,1,8,Tidak,0,4.4,4,Tidak
M1399,3.4,4.0,3.43,3.54,74.7,3,12,Ya,24,5.0,8,Ya
M1400,2.47,2.35,2.44,2.85,86.4,2,9,Ya,39,4.6,9,Tidak
M1401,2.28,2.43,2.07,1.88,87.2,4,14,Tidak,0,2.3,7,Ya
M1402,3.07,3.24,3.12,3.29,76.1,2,9,Tidak,0,4.5,1,Tidak
M1403,3.39,3.45,3.61,3.58,64.1,0,10,Ya,20,2.5,5,Tidak
M1404,3.16,3.13,3.16,3.1,77.9,1,6,Tidak,0,7.9,6,Tidak
M1405,3.3,3.43,3.17,2.94,86.2,2,14,Ya,32,8.0,8,Tidak
M1406,2.42,1.66,1.66,2.16,98.1,1,20,Ya,14,5.4,10,Tidak
M1407,2.09,2.29,1.83,1.72,68.0,3,5,Tidak,0,6.4,8,Ya
M1408,3.55,3.59,3.94,4.0,75.7,1,14,Tidak,0,8.1,9,Tidak
M1409,2.64,2.57,2.51,1.95,76.1,4,13,Tidak,0,7.6,9,Ya
M1410,2.67,3.28,3.62,3.97,93.6,2,6,Tidak,0,10.0,4,Tidak
M1411,3.46,3.26,3.1,3.42,79.7,0,15,Tidak,0,6.5,6,Tidak
M1412,3.08,2.96,2.8,2.83,70.9,3,14,Tidak,0,8.9,3,Tidak
M1413,3.03,3.63,3.4,3.33,85.6,0,13,Tidak,0,6.2,1,Tidak
M1414,3.88,3.63,3.89,4.0,76.0,1,10,Tidak,0,5.8,6,Tidak
M1415,2.48,2.31,2.1,2.79,67.8,3,6,Ya,35,7.4,1,Ya
M1416,3.26,3.22,3.41,2.88,71.1,0,13,Tidak,0,7.1,9,Tidak
M1417,2.83,3.08,2.97,3.2,97.3,4,12,Tidak,0,4.8,6,Tidak
M1418,2.93,2.99,2.4,2.13,83.8,0,9,Tidak,0,4.4,1,Tidak
M1419,3.56,3.17,3.0,2.99,81.1,4,7,Ya,39,6.1,3,Tidak
M1420,3.05,2.89,2.54,2.47,77.5,2,8,Ya,21,2.2,1,Ya
M1421,3.07,2.89,2.9,2.77,82.9,2,8,Ya,28,5.4,2,Tidak
M1422,3.34,3.32,2.96,2.96,82.8,2,9,Tidak,0,4.0,6,Tidak
M1423,2.62,2.75,3.03,2.69,82.9,1,6,Tidak,0,4.8,7,Tidak
M1424,2.38,2.51,2.48,2.79,81.1,1,5,Tidak,0,4.4,1,Tidak
M1425,2.28,1.75,1.7,1.5,88.7,0,11,Tidak,0,7.5,10,Tidak
M1426,1.82,2.14,2.34,2.5,80.2,4,7,Tidak,0,6.9,5,Tidak
M1427,3.83,3.91,4.0,3.9,70.2,1,14,Tidak,0,6.1,6,Tidak
M1428,2.25,2.67,2.66,2.31,73.9,0,11,Ya,33,5.2,4,Tidak
M1429,2.69,2.82,2.59,2.65,60.2,1,9,Ya,32,8.1,6,Tidak
M1430,2.66,2.99,2.46,1.99,100.0,1,11,Tidak,0,7.8,5,Tidak
M1431,2.95,3.09,2.88,2.89,88.6,1,11,Ya,22,5.8,7,Tidak
M1432,3.21,3.61,3.42,2.99,71.7,0,11,Tidak,0,8.7,4,Tidak
M1433,3.23,3.39,3.42,3.56,77.2,1,7,Tidak,0,5.6,1,Tidak
M1434,2.51,2.48,2.38,2.1,73.6,2,10,Ya,35,6.4,2,Tidak
M1435,2.72,3.4,3.61,3.47,95.4,3,4,Tidak,0,4.9,6,Tidak
M1436,2.94,3.21,3.03,3.12,65.8,1,14,Tidak,0,5.2,10,Tidak
M1437,2.68,2.85,2.83,2.6,81.1,0,13,Ya,30,4.7,2,Tidak
M1438,3.6,3.22,3.58,3.56,78.9,2,9,Tidak,0,7.4,5,Tidak
M1439,3.05,2.66,2.76,2.31,88.3,2,15,Tidak,0,6.8,4,Tidak
M1440,3.17,3.26,3.24,3.43,79.0,1,8,Tidak,0,3.9,7,Tidak
M1441,3.13,3.17,2.99,3.52,62.4,0,3,Tidak,0,7.1,4,Tidak
M1442,3.39,3.21,3.02,3.86,77.5,1,10,Tidak,0,9.6,7,Tidak
M1443,2.89,2.93,2.67,2.7,70.3,2,7,Tidak,0,4.7,8,Tidak
M1444,2.15,2.63,2.47,2.71,80.8,0,11,Ya,27,4.6,7,Tidak
M1445,3.0,3.21,3.44,2.91,94.3,4,7,Tidak,0,6.0,2,Tidak
M1446,2.47,2.13,2.06,2.51,62.6,0,14,Tidak,0,8.8,1,Tidak
M1447,2.54,2.51,2.11,2.34,72.0,4,12,Tidak,0,5.1,5,Tidak
M1448,3.09,2.85,3.38,3.23,74.5,3,5,Tidak,0,9.7,7,Tidak
M1449,3.42,3.3,3.4,3.77,76.2,1,4,Ya,31,3.9,1,Tidak
M1450,2.81,2.69,2.27,2.19,87.4,0,11,Tidak,0,6.4,8,Tidak
M1451,2.95,2.81,2.68,2.54,78.3,1,10,Tidak,0,2.6,3,Tidak
M1452,3.65,3.27,3.3,3.44,84.2,1,12,Tidak,0,4.1,7,Tidak
M1453,2.92,2.88,3.39,3.07,73.7,3,12,Tidak,0,5.6,3,Tidak
M1454,4.0,3.83,3.5,3.81,82.3,3,7,Tidak,0,6.5,4,Tidak
M1455,3.08,2.2,2.49,2.17,87.8,0,5,Tidak,0,8.5,8,Tidak
M1456,1.92,2.54,2.96,2.64,72.7,1,13,Tidak,0,4.6,2,Tidak
M1457,3.18,3.51,3.32,3.05,87.8,2,8,Tidak,0,6.8,6,Tidak
M1458,2.99,2.88,2.8,3.03,80.5,1,13,Tidak,0,3.3,10,Tidak
M1459,3.44,3.45,3.14,2.95,90.5,3,12,Tidak,0,8.0,9,Tidak
M1460,3.14,2.79,2.73,2.33,78.0,2,9,Tidak,0,8.6,10,Tidak
M1461,2.73,3.24,3.23,3.05,83.8,2,11,Ya,22,8.1,9,Tidak
M1462,2.19,2.76,2.96,2.95,79.6,0,10,Tidak,0,8.1,5,Tidak
M1463,2.7,2.75,3.08,2.73,79.0,1,15,Tidak,0,5.8,3,Tidak
M1464,2.37,2.68,2.46,2.11,82.6,2,10,Tidak,0,6.6,6,Tidak
M1465,2.51,2.56,1.97,2.6,85.4,1,4,Tidak,0,5.8,9,Tidak
M1466,3.09,2.69,2.68,2.42,67.5,1,13,Ya,31,5.9,6,Ya
M1467,3.63,3.51,3.6,3.5,94.3,1,8,Ya,25,4.5,4,Tidak
M1468,3.0,3.04,3.11,3.0,61.4,6,18,Tidak,0,6.6,5,Tidak
M1469,2.2,2.06,1.96,1.83,73.2,0,12,Tidak,0,6.8,7,Tidak
M1470,3.02,2.95,2.99,3.18,79.1,0,9,Ya,24,8.0,10,Tidak
M1471,3.4,3.37,3.82,4.0,84.1,2,19,Tidak,0,6.8,3,Tidak
M1472,2.5,2.48,2.59,2.5,95.8,5,15,Tidak,0,7.8,9,Tidak
M1473,2.73,2.75,2.64,2.27,61.4,1,14,Tidak,0,4.5,1,Tidak
M1474,2.81,2.49,2.34,2.72,74.9,1,9,Ya,21,8.8,8,Tidak
M1475,2.41,2.19,2.14,2.11,58.7,3,8,Ya,38,5.5,5,Ya
M1476,3.12,2.73,3.22,3.74,80.3,1,9,Tidak,0,1.9,10,Tidak
M1477,2.74,3.03,2.98,2.31,82.7,0,7,Ya,21,5.2,9,Ya
M1478,3.01,2.38,2.37,2.43,95.9,1,10,Tidak,0,7.2,2,Tidak
M1479,2.36,2.71,2.57,3.15,81.2,0,10,Ya,14,6.2,1,Tidak
M1480,2.58,3.0,3.33,3.22,90.4,1,8,Tidak,0,2.1,10,Tidak
M1481,3.16,3.07,3.66,3.59,85.8,3,13,Tidak,0,6.4,7,Tidak
M1482,2.61,1.83,1.97,2.06,75.6,1,10,Tidak,0,6.3,10,Tidak
M1483,3.66,3.55,3.57,3.4,65.9,2,15,Ya,36,4.1,9,Ya
M1484,2.6,2.58,2.59,2.5,82.8,2,10,Tidak,0,7.1,5,Tidak
M1485,2.91,2.61,1.89,1.79,65.1,2,11,Tidak,0,5.7,4,Tidak
M1486,3.27,3.12,3.34,3.15,93.0,1,5,Ya,29,2.1,4,Tidak
M1487,2.09,2.55,2.59,2.96,78.4,2,8,Tidak,0,7.4,8,Tidak
M1488,1.92,2.12,2.25,2.39,92.0,1,10,Tidak,0,6.3,1,Tidak
M1489,2.04,1.76,1.55,1.63,75.2,0,9,Tidak,0,9.0,1,Tidak
M1490,3.43,2.95,2.83,3.07,82.7,0,7,Ya,27,4.3,8,Tidak
M1491,2.52,2.42,2.3,2.22,82.1,3,11,Ya,28,5.5,2,Ya
M1492,4.0,3.94,4.0,3.77,79.5,2,7,Ya,15,8.1,10,Tidak
M1493,2.52,2.67,2.56,2.38,75.7,1,13,Tidak,0,4.2,6,Tidak
M1494,2.89,2.73,3.35,3.35,83.9,0,9,Tidak,0,8.1,2,Tidak
M1495,3.57,3.72,3.85,3.53,70.7,2,9,Tidak,0,8.1,5,Tidak
M1496,3.8,4.0,3.62,3.47,67.9,1,9,Tidak,0,6.6,3,Tidak
M1497,3.83,4.0,3.96,3.81,92.4,1,13,Ya,27,5.7,7,Tidak
M1498,3.4,3.39,3.19,3.83,87.3,1,10,Tidak,0,4.7,9,Tidak
M1499,3.31,3.26,2.6,1.77,80.7,2,9,Ya,37,4.6,2,Tidak
M1500,3.1,2.99,3.47,3.42,96.7,3,10,Ya,14,6.6,7,Tidak
